Signal Date,Symbol,Source Engine,Signal Type,Entry Price,1D %,5D %,20D %,Status
2026-06-22,EPACK,Deal Flow,BIG_BULK_BUY,,,,,no_price
2026-06-22,NOCIL,Deal Flow,BIG_BULK_BUY,,,,,no_price
2026-06-22,SUBROS,Deal Flow,BIG_BULK_BUY,,,,,no_price
2026-06-22,RBA,Deal Flow,BIG_BULK_BUY,,,,,no_price
2026-06-22,EMSLIMITED,Deal Flow,BIG_BULK_BUY,,,,,no_price
2026-06-22,DENTA,Deal Flow,BIG_BULK_BUY,,,,,no_price
2026-06-22,IGARASHI,Deal Flow,BIG_BULK_BUY,,,,,no_price
2026-06-22,KSCL,Deal Flow,BIG_BULK_BUY,,,,,no_price
2026-06-22,NELCO,Deal Flow,BIG_BULK_BUY,,,,,no_price
2026-06-22,VISACHROME,Deal Flow,BIG_BULK_BUY,,,,,no_price
2026-06-22,TFCILTD,Deal Flow,BIG_BULK_BUY,,,,,no_price
2026-06-22,RHETAN,Deal Flow,BIG_BULK_BUY,,,,,no_price
2026-06-22,ASIANTILES,Deal Flow,BIG_BULK_BUY,,,,,no_price
2026-06-22,NIITLTD,Deal Flow,BIG_BULK_BUY,,,,,no_price
2026-06-22,KOTAKBANK,Institutional Flow,Strong,402.1499938964844,-0.12,-1.65,,no_price
2026-06-22,BAJFINANCE,Institutional Flow,Strong,962.384033203125,-0.61,1.42,,no_price
2026-06-22,CHOLAFIN,Institutional Flow,Strong,1718.800048828125,0.41,3.21,,no_price
2026-06-22,DLF,Institutional Flow,Strong,627.5999755859375,-2.43,-2.05,,no_price
2026-06-22,GODREJPROP,Institutional Flow,Strong,1798.9000244140625,-0.51,1.73,,no_price
2026-06-22,PRESTIGE,Institutional Flow,Strong,1512.5,0.01,1.78,,no_price
2026-06-22,PHOENIXLTD,Institutional Flow,Strong,1871.0999755859375,-1.04,2.19,,no_price
2026-06-22,HDFCBANK,Institutional Flow,Strong,786.4000244140625,-1.49,1.59,,no_price
2026-06-22,ICICIBANK,Institutional Flow,Strong,1352.4000244140625,-1.04,2.6,,no_price
2026-06-22,SBIN,Institutional Flow,Strong,1040.75,-1.59,-0.45,,no_price
2026-06-22,AXISBANK,Institutional Flow,Strong,1358.5999755859375,0.36,-0.13,,no_price
2026-06-22,BAJAJFINSV,Institutional Flow,Strong,1780.680419921875,-0.97,-1.28,,no_price
2026-06-22,SHRIRAMFIN,Institutional Flow,Strong,987.265380859375,0.05,4.01,,no_price
2026-06-22,OBEROIRLTY,Institutional Flow,Strong,1691.0999755859375,0.79,3.73,,no_price
2026-06-22,SBICARD,Institutional Flow,Strong,627.7999877929688,-3.28,-4.13,,no_price
2026-06-22,EICHERMOT,Institutional Flow,Improving,7639.5,-0.81,-2.79,,no_price
2026-06-22,SUNPHARMA,Institutional Flow,Improving,1858.030517578125,0.27,0.64,,no_price
2026-06-22,CIPLA,Institutional Flow,Improving,1415.699951171875,1.23,2.71,,no_price
2026-06-22,DIVISLAB,Institutional Flow,Improving,6787.5,-0.6,-3.39,,no_price
2026-06-22,NESTLEIND,Institutional Flow,Improving,1401.9000244140625,-0.69,-1.04,,no_price
2026-06-22,LT,Institutional Flow,Improving,4201.2998046875,-0.52,-0.86,,no_price
2026-06-22,SIEMENS,Institutional Flow,Improving,3767.800048828125,-2.17,-5.17,,no_price
2026-06-22,BHEL,Institutional Flow,Improving,411.5,-2.83,0.55,,no_price
2026-06-22,CUMMINSIND,Institutional Flow,Improving,5764.0,-0.49,-3.86,,no_price
2026-06-22,HAL,Institutional Flow,Improving,4515.2001953125,-0.33,-3.82,,no_price
2026-06-22,BDL,Institutional Flow,Improving,1406.699951171875,-1.14,-5.09,,no_price
2026-06-22,GAIL,Institutional Flow,Improving,177.3000030517578,-1.95,-2.87,,no_price
2026-06-22,MARUTI,Institutional Flow,Improving,13421.0,0.22,-0.07,,no_price
2026-06-22,BAJAJ-AUTO,Institutional Flow,Improving,10191.0,-1.63,-5.5,,no_price
2026-06-22,DRREDDY,Institutional Flow,Improving,1290.699951171875,0.82,6.59,,no_price
2026-06-22,LUPIN,Institutional Flow,Improving,2340.0,0.76,2.96,,no_price
2026-06-22,HINDUNILVR,Institutional Flow,Improving,2162.89990234375,-0.13,-0.54,,no_price
2026-06-22,ITC,Institutional Flow,Improving,291.25,-0.43,-0.19,,no_price
2026-06-22,DABUR,Institutional Flow,Improving,422.25,-0.58,0.96,,no_price
2026-06-22,ABB,Institutional Flow,Improving,7258.0,-1.37,-1.79,,no_price
2026-06-22,BEL,Institutional Flow,Improving,431.5,-2.67,-4.61,,no_price
2026-06-22,MAZDOCK,Institutional Flow,Improving,2541.699951171875,-1.38,-3.73,,no_price
2026-06-22,COCHINSHIP,Institutional Flow,Improving,1476.4000244140625,0.49,-3.31,,no_price
2026-06-22,COALINDIA,Institutional Flow,Improving,449.0,-1.04,-0.92,,no_price
2026-06-22,POWERGRID,Institutional Flow,Improving,289.75,0.76,-1.21,,no_price
2026-06-22,RELIANCE,Institutional Flow,Improving,1326.5,-1.28,-1.92,,no_price
2026-06-22,BPCL,Institutional Flow,Improving,308.6000061035156,-0.02,-2.53,,no_price
2026-06-22,M&M,Institutional Flow,Improving,3031.56396484375,-0.85,0.97,,no_price
2026-06-22,BRITANNIA,Institutional Flow,Improving,5217.5,0.45,-2.21,,no_price
2026-06-22,ONGC,Institutional Flow,Improving,245.4499969482422,-0.45,-4.64,,no_price
2026-06-22,NTPC,Institutional Flow,Improving,367.04998779296875,-0.67,-2.98,,no_price
2026-06-25,INDUSINDBK,Corporate Actions,Dividend,,,,,no_price
2026-06-25,GICHSGFIN,Corporate Actions,Dividend,,,,,no_price
2026-06-25,VISAKAIND,Corporate Actions,Dividend,,,,,no_price
2026-06-25,ALKYLAMINE,Corporate Actions,Dividend,,,,,no_price
2026-06-25,MAWANASUG,Corporate Actions,Dividend,,,,,no_price
2026-06-25,CARERATING,Corporate Actions,Dividend,,,,,no_price
2026-06-25,UFLEX,Corporate Actions,Dividend,,,,,no_price
2026-06-24,WHEELS,Corporate Actions,Dividend,,,,,no_price
2026-06-24,ZFCVINDIA,Corporate Actions,Bonus Issue,,,,,no_price
2026-06-24,KOTYARK,Corporate Actions,Bonus Issue,,,,,no_price
2026-06-24,BUILDPRO,Corporate Actions,Dividend,,,,,no_price
2026-06-24,BAJAJ-AUTO,Corporate Actions,Buyback,,,,,no_price
2026-06-23,INDHOTEL,Corporate Actions,Dividend,,,,,no_price
2026-06-23,HINDUNILVR,Corporate Actions,Dividend,,,,,no_price
2026-06-23,ASIANPAINT,Corporate Actions,Dividend,,,,,no_price
2026-06-23,DALBHARAT,Corporate Actions,Dividend,,,,,no_price
2026-06-23,THYROCARE,Corporate Actions,Dividend,,,,,no_price
2026-06-23,GNA,Corporate Actions,Dividend,,,,,no_price
2026-06-23,ARSSBL,Corporate Actions,Dividend,,,,,no_price
2026-06-23,TATAPOWER,Corporate Actions,Dividend,,,,,no_price
2026-06-23,ABCAPITAL,Corporate Actions,Preferential Allotment,,,,,no_price
2026-06-23,LANDSMILL,Corporate Actions,Mergers & Acquisitions,,,,,no_price
2026-06-23,INTERARCH,Corporate Actions,Large Order Win,,,,,no_price
2026-06-23,IGIL,Corporate Actions,Management Change,,,,,no_price
2026-05-01,JINDALSTEL,Results,Neutral,,,,,no_price
2026-04-29,VEDL,Results,Strong,,,,,no_price
2026-05-22,HINDALCO,Results,Weak,,,,,no_price
2026-05-14,JSWSTEEL,Results,Strong,,,,,no_price
2026-05-15,TATASTEEL,Results,Neutral,,,,,no_price
2026-05-19,BPCL,Results,Neutral,,,,,no_price
2026-04-24,RELIANCE,Results,Weak,,,,,no_price
2026-05-21,GAIL,Results,Weak,,,,,no_price
2026-05-15,POWERGRID,Results,Neutral,,,,,no_price
2026-05-23,NTPC,Results,Neutral,,,,,no_price
2026-04-26,COALINDIA,Results,Strong,,,,,no_price
2026-05-26,ONGC,Results,Neutral,,,,,no_price
2026-04-26,PHOENIXLTD,Results,Strong,,,,,no_price
2026-05-21,PRESTIGE,Results,Strong,1385.5999755859375,0.21,1.02,10.26,no_price
2026-05-08,OBEROIRLTY,Results,Neutral,,,,,no_price
2026-05-04,GODREJPROP,Results,Strong,,,,,no_price
2026-05-13,DLF,Results,Strong,,,,,no_price
2026-05-15,COCHINSHIP,Results,Weak,,,,,no_price
2026-04-29,MAZDOCK,Results,Weak,,,,,no_price
2026-05-28,BDL,Results,Weak,,,,,no_price
2026-05-19,BEL,Results,Strong,,,,,no_price
2026-05-14,HAL,Results,Neutral,,,,,no_price
2026-05-27,CUMMINSIND,Results,Weak,,,,,no_price
2026-03-31,BHEL,Results,Strong,,,,,no_price
2026-05-08,ABB,Results,Weak,,,,,no_price
2026-05-26,SIEMENS,Results,Weak,,,,,no_price
2026-05-05,LT,Results,Strong,,,,,no_price
2026-05-07,DABUR,Results,Weak,,,,,no_price
2026-05-07,BRITANNIA,Results,Neutral,,,,,no_price
2026-05-21,ITC,Results,Weak,,,,,no_price
2026-04-30,HINDUNILVR,Results,Neutral,,,,,no_price
2026-05-07,LUPIN,Results,Strong,,,,,no_price
2026-03-31,DIVISLAB,Results,Strong,5906.5,-0.85,0.78,12.07,no_price
2026-05-13,CIPLA,Results,Weak,,,,,no_price
2026-05-12,DRREDDY,Results,Weak,,,,,no_price
2026-05-22,SUNPHARMA,Results,Weak,,,,,no_price
2026-05-22,EICHERMOT,Results,Neutral,,,,,no_price
2026-05-06,BAJAJ-AUTO,Results,Strong,,,,,no_price
2026-06-03,M&M,Results,Strong,,,,,no_price
2026-04-28,MARUTI,Results,Weak,,,,,no_price
2026-04-22,TECHM,Results,Neutral,,,,,no_price
2026-04-21,HCLTECH,Results,Neutral,,,,,no_price
2026-04-16,WIPRO,Results,Weak,,,,,no_price
2026-04-23,INFY,Results,Neutral,,,,,no_price
2026-04-09,TCS,Results,Neutral,,,,,no_price
2026-04-24,SHRIRAMFIN,Results,Weak,,,,,no_price
2026-04-27,SBICARD,Results,Neutral,,,,,no_price
2026-04-30,CHOLAFIN,Results,Strong,,,,,no_price
2026-04-30,BAJAJFINSV,Results,Neutral,1745.7103271484375,0.0,4.42,3.54,no_price
2026-04-29,BAJFINANCE,Results,Strong,924.3179931640625,0.75,5.46,0.12,no_price
2026-05-02,KOTAKBANK,Results,Neutral,371.6499938964844,-0.08,2.53,1.55,no_price
2026-04-25,AXISBANK,Results,Neutral,1324.199951171875,-2.66,-3.71,-0.98,no_price
2026-05-08,SBIN,Results,Weak,1001.2523193359375,-4.48,-3.8,-2.35,no_price
2026-04-18,ICICIBANK,Results,Neutral,1356.199951171875,2.37,-3.1,-7.75,no_price
2026-01-30,NESTLEIND,Results,Neutral,1325.244873046875,-1.81,-1.66,-2.53,no_price
2025-07-19,HDFCBANK,Results,Weak,981.5330200195312,0.33,0.65,-0.22,no_price
2026-06-22,BAJFINANCE,Confluence,Tier 2,962.384033203125,-0.61,1.42,,no_price
2026-06-22,BDL,Confluence,Tier 2,1406.699951171875,-1.14,-5.09,,no_price
2026-06-22,BHEL,Confluence,Tier 2,411.5,-2.83,0.55,,no_price
2026-06-22,CHOLAFIN,Confluence,Tier 2,1718.800048828125,0.41,3.21,,no_price
2026-06-22,CIPLA,Confluence,Tier 2,1415.699951171875,1.23,2.71,,no_price
2026-06-22,CUMMINSIND,Confluence,Tier 2,5764.0,-0.49,-3.86,,no_price
2026-06-22,DIVISLAB,Confluence,Tier 2,6787.5,-0.6,-3.39,,no_price
2026-06-22,DLF,Confluence,Tier 2,627.5999755859375,-2.43,-2.05,,no_price
2026-06-22,EICHERMOT,Confluence,Tier 2,7639.5,-0.81,-2.79,,no_price
2026-06-22,GAIL,Confluence,Tier 2,177.3000030517578,-1.95,-2.87,,no_price
2026-06-22,GODREJPROP,Confluence,Tier 2,1798.9000244140625,-0.51,1.73,,no_price
2026-06-22,HAL,Confluence,Tier 2,4515.2001953125,-0.33,-3.82,,no_price
2026-06-22,KOTAKBANK,Confluence,Tier 2,402.1499938964844,-0.12,-1.65,,no_price
2026-06-22,LT,Confluence,Tier 2,4201.2998046875,-0.52,-0.86,,no_price
2026-06-22,NESTLEIND,Confluence,Tier 2,1401.9000244140625,-0.69,-1.04,,no_price
2026-06-22,PHOENIXLTD,Confluence,Tier 2,1871.0999755859375,-1.04,2.19,,no_price
2026-06-22,PRESTIGE,Confluence,Tier 2,1512.5,0.01,1.78,,no_price
2026-06-22,SIEMENS,Confluence,Tier 2,3767.800048828125,-2.17,-5.17,,no_price
2026-06-22,SUNPHARMA,Confluence,Tier 2,1858.030517578125,0.27,0.64,,no_price
2026-06-22,ABB,Confluence,Tier 2,7258.0,-1.37,-1.79,,no_price
2026-06-22,AXISBANK,Confluence,Tier 2,1358.5999755859375,0.36,-0.13,,no_price
2026-06-22,BAJAJ-AUTO,Confluence,Tier 2,10191.0,-1.63,-5.5,,no_price
2026-06-22,BAJAJFINSV,Confluence,Tier 2,1780.680419921875,-0.97,-1.28,,no_price
2026-06-22,BEL,Confluence,Tier 2,431.5,-2.67,-4.61,,no_price
2026-06-22,BPCL,Confluence,Tier 2,308.6000061035156,-0.02,-2.53,,no_price
2026-06-22,COALINDIA,Confluence,Tier 2,449.0,-1.04,-0.92,,no_price
2026-06-22,COCHINSHIP,Confluence,Tier 2,1476.4000244140625,0.49,-3.31,,no_price
2026-06-22,DABUR,Confluence,Tier 2,422.25,-0.58,0.96,,no_price
2026-06-22,DRREDDY,Confluence,Tier 2,1290.699951171875,0.82,6.59,,no_price
2026-06-22,HDFCBANK,Confluence,Tier 2,786.4000244140625,-1.49,1.59,,no_price
2026-06-22,HINDUNILVR,Confluence,Tier 2,2162.89990234375,-0.13,-0.54,,no_price
2026-06-22,ICICIBANK,Confluence,Tier 2,1352.4000244140625,-1.04,2.6,,no_price
2026-06-22,ITC,Confluence,Tier 2,291.25,-0.43,-0.19,,no_price
2026-06-22,LUPIN,Confluence,Tier 2,2340.0,0.76,2.96,,no_price
2026-06-22,MARUTI,Confluence,Tier 2,13421.0,0.22,-0.07,,no_price
2026-06-22,MAZDOCK,Confluence,Tier 2,2541.699951171875,-1.38,-3.73,,no_price
2026-06-22,OBEROIRLTY,Confluence,Tier 2,1691.0999755859375,0.79,3.73,,no_price
2026-06-22,POWERGRID,Confluence,Tier 2,289.75,0.76,-1.21,,no_price
2026-06-22,RELIANCE,Confluence,Tier 2,1326.5,-1.28,-1.92,,no_price
2026-06-22,SBIN,Confluence,Tier 2,1040.75,-1.59,-0.45,,no_price
2026-06-22,SHRIRAMFIN,Confluence,Tier 2,987.265380859375,0.05,4.01,,no_price
2026-06-22,BRITANNIA,Confluence,Tier 2,5217.5,0.45,-2.21,,no_price
2026-06-22,M&M,Confluence,Tier 2,3031.56396484375,-0.85,0.97,,no_price
2026-06-22,NTPC,Confluence,Tier 2,367.04998779296875,-0.67,-2.98,,no_price
2026-06-22,ONGC,Confluence,Tier 2,245.4499969482422,-0.45,-4.64,,no_price
2026-06-22,SBICARD,Confluence,Tier 2,627.7999877929688,-3.28,-4.13,,no_price
2026-06-22,DENTA,Confluence,Tier 3,324.8999938964844,3.94,3.31,,no_price
2026-06-22,EMSLIMITED,Confluence,Tier 3,408.1499938964844,9.18,0.99,,no_price
2026-06-22,IGARASHI,Confluence,Tier 3,473.70001220703125,1.71,-3.12,,no_price
2026-06-22,NELCO,Confluence,Tier 3,925.1500244140625,-4.8,-3.88,,no_price
2026-06-22,NIITLTD,Confluence,Tier 3,103.58000183105469,-3.32,-7.12,,no_price
2026-06-22,NOCIL,Confluence,Tier 3,190.82000732421875,-0.8,-4.33,,no_price
2026-06-22,RBA,Confluence,Tier 3,79.68000030517578,-1.05,0.14,,no_price
2026-06-22,RHETAN,Confluence,Tier 3,27.639999389648438,-1.74,-4.67,,no_price
2026-06-22,SUBROS,Confluence,Tier 3,856.0,0.69,-4.72,,no_price
2026-06-22,TFCILTD,Confluence,Tier 3,74.41000366210938,2.58,1.52,,no_price
2026-06-22,VISACHROME,Confluence,Tier 3,43.540000915527344,1.77,-6.11,,no_price
2026-06-22,EPACK,Confluence,Tier 3,252.66000366210938,-6.98,-8.3,,no_price
2026-06-22,KSCL,Confluence,Tier 3,944.2000122070312,-1.44,-4.07,,no_price
2026-06-22,ASIANTILES,Confluence,Tier 3,55.310001373291016,-1.54,0.54,,no_price
2026-06-24,NDRINVIT,Deal Flow,BIG_BLOCK_BUY,,,,,no_price
2026-06-24,RAMCOSYS,Deal Flow,BIG_BULK_BUY,,,,,no_price
2026-06-24,PINELABS,Deal Flow,BIG_BULK_BUY,,,,,no_price
2026-06-24,INFY,Deal Flow,BIG_BLOCK_BUY,,,,,no_price
2026-06-24,TCS,Deal Flow,BIG_BLOCK_BUY,,,,,no_price
2026-06-24,RPTECH,Deal Flow,BIG_BULK_BUY,,,,,no_price
2026-06-24,PACEDIGITK,Deal Flow,BIG_BULK_BUY,,,,,no_price
2026-06-24,ROTO,Deal Flow,BIG_BULK_BUY,,,,,no_price
2026-06-24,ICICIBANK,Deal Flow,BIG_BLOCK_BUY,,,,,no_price
2026-06-24,RELIANCE,Deal Flow,BIG_BLOCK_BUY,,,,,no_price
2026-06-24,HDFCBANK,Deal Flow,BIG_BLOCK_BUY,,,,,no_price
2026-06-24,LT,Deal Flow,BIG_BLOCK_BUY,,,,,no_price
2026-06-24,BHARTIARTL,Deal Flow,BIG_BLOCK_BUY,,,,,no_price
2026-06-24,M&M,Deal Flow,BIG_BLOCK_BUY,,,,,no_price
2026-06-24,BAJFINANCE,Deal Flow,BIG_BLOCK_BUY,,,,,no_price
2026-06-24,BEL,Deal Flow,BIG_BLOCK_BUY,,,,,no_price
2026-06-24,TITAN,Deal Flow,BIG_BLOCK_BUY,,,,,no_price
2026-06-24,POWERGRID,Deal Flow,BIG_BLOCK_BUY,,,,,no_price
2026-06-24,SUNPHARMA,Deal Flow,BIG_BLOCK_BUY,,,,,no_price
2026-06-24,HINDUNILVR,Deal Flow,BIG_BLOCK_BUY,,,,,no_price
2026-06-24,ASIANPAINT,Deal Flow,BIG_BLOCK_BUY,,,,,no_price
2026-06-24,AXISBANK,Deal Flow,BIG_BLOCK_BUY,,,,,no_price
2026-06-24,TCIEXP,Deal Flow,BIG_BULK_BUY,,,,,no_price
2026-06-24,ATALREAL,Deal Flow,BIG_BULK_BUY,,,,,no_price
2026-06-24,RATNAVEER,Deal Flow,BIG_BULK_BUY,,,,,no_price
2026-06-24,GOCOLORS,Deal Flow,BIG_BULK_BUY,,,,,no_price
2026-06-24,SBC,Deal Flow,BIG_BULK_BUY,,,,,no_price
2026-06-24,KOTAKBANK,Institutional Flow,Strong,405.95001220703125,0.75,-1.35,,no_price
2026-06-24,BAJFINANCE,Institutional Flow,Strong,984.8956298828125,-1.06,3.05,,no_price
2026-06-24,CHOLAFIN,Institutional Flow,Strong,1792.9000244140625,0.35,0.58,,no_price
2026-06-24,EICHERMOT,Institutional Flow,Strong,7572.0,0.34,-5.72,,no_price
2026-06-24,PRESTIGE,Institutional Flow,Strong,1541.0999755859375,0.99,5.46,,no_price
2026-06-24,PHOENIXLTD,Institutional Flow,Strong,1912.300048828125,-0.4,5.55,,no_price
2026-06-24,HDFCBANK,Institutional Flow,Strong,793.2000122070312,0.39,0.37,,no_price
2026-06-24,ICICIBANK,Institutional Flow,Strong,1373.5999755859375,1.01,0.45,,no_price
2026-06-24,SBIN,Institutional Flow,Strong,1034.5999755859375,1.04,1.24,,no_price
2026-06-24,AXISBANK,Institutional Flow,Strong,1384.5,-0.53,-1.14,,no_price
2026-06-24,BAJAJFINSV,Institutional Flow,Strong,1778.98193359375,-0.89,1.05,,no_price
2026-06-24,SHRIRAMFIN,Institutional Flow,Strong,1013.268310546875,1.26,2.86,,no_price
2026-06-24,MARUTI,Institutional Flow,Strong,13248.0,3.75,8.66,,no_price
2026-06-24,M&M,Institutional Flow,Strong,3032.652587890625,3.84,2.14,,no_price
2026-06-24,BAJAJ-AUTO,Institutional Flow,Strong,9750.0,0.95,0.94,,no_price
2026-06-24,DLF,Institutional Flow,Strong,618.1500244140625,0.52,4.94,,no_price
2026-06-24,GODREJPROP,Institutional Flow,Strong,1820.5999755859375,1.65,7.63,,no_price
2026-06-24,OBEROIRLTY,Institutional Flow,Strong,1753.0999755859375,-0.22,2.94,,no_price
2026-06-24,SBICARD,Institutional Flow,Strong,607.5999755859375,2.84,-1.88,,no_price
2026-06-24,SUNPHARMA,Institutional Flow,Improving,1869.5003662109375,-0.62,-0.44,,no_price
2026-06-24,DRREDDY,Institutional Flow,Improving,1328.4000244140625,1.66,0.87,,no_price
2026-06-24,CIPLA,Institutional Flow,Improving,1437.9000244140625,0.15,1.31,,no_price
2026-06-24,DIVISLAB,Institutional Flow,Improving,6753.5,-0.59,-3.08,,no_price
2026-06-24,NESTLEIND,Institutional Flow,Improving,1382.5999755859375,1.45,5.15,,no_price
2026-06-24,BHEL,Institutional Flow,Improving,402.8999938964844,-0.05,2.74,,no_price
2026-06-24,CUMMINSIND,Institutional Flow,Improving,5555.5,1.56,1.94,,no_price
2026-06-24,LUPIN,Institutional Flow,Improving,2367.60009765625,-1.02,1.26,,no_price
2026-06-24,HINDUNILVR,Institutional Flow,Improving,2157.800048828125,0.76,1.12,,no_price
2026-06-24,ITC,Institutional Flow,Improving,290.3500061035156,-0.12,-0.02,,no_price
2026-06-24,DABUR,Institutional Flow,Improving,424.1000061035156,-0.05,4.87,,no_price
2026-06-24,LT,Institutional Flow,Improving,4181.7001953125,0.83,-2.13,,no_price
2026-06-24,SIEMENS,Institutional Flow,Improving,3561.5,1.86,-0.02,,no_price
2026-06-24,ABB,Institutional Flow,Improving,6967.5,0.37,-0.44,,no_price
2026-06-24,HAL,Institutional Flow,Improving,4368.89990234375,0.0,1.5,,no_price
2026-06-24,BDL,Institutional Flow,Improving,1383.5,-1.09,-0.33,,no_price
2026-06-24,MAZDOCK,Institutional Flow,Improving,2493.0,-0.82,1.71,,no_price
2026-06-24,COCHINSHIP,Institutional Flow,Improving,1487.0999755859375,-1.93,1.16,,no_price
2026-06-24,BRITANNIA,Institutional Flow,Improving,5262.5,-0.48,-0.01,,no_price
2026-06-24,BEL,Institutional Flow,Improving,413.54998779296875,-1.54,0.65,,no_price
2026-03-31,GAIL,Results,Weak,140.6699981689453,0.75,8.21,16.04,no_price
2026-05-23,DIVISLAB,Results,Strong,,,,,no_price
2026-03-31,WIPRO,Results,Weak,191.17999267578125,1.95,6.11,4.95,no_price
2026-03-31,CHOLAFIN,Results,Strong,1373.5999755859375,-1.26,11.61,13.78,no_price
2026-06-24,BAJFINANCE,Confluence,Tier 1,984.8956298828125,-1.06,3.05,,no_price
2026-06-24,SUNPHARMA,Confluence,Tier 1,1869.5003662109375,-0.62,-0.44,,no_price
2026-06-24,AXISBANK,Confluence,Tier 1,1384.5,-0.53,-1.14,,no_price
2026-06-24,HDFCBANK,Confluence,Tier 1,793.2000122070312,0.39,0.37,,no_price
2026-06-24,HINDUNILVR,Confluence,Tier 1,2157.800048828125,0.76,1.12,,no_price
2026-06-24,ICICIBANK,Confluence,Tier 1,1373.5999755859375,1.01,0.45,,no_price
2026-06-24,LT,Confluence,Tier 1,4181.7001953125,0.83,-2.13,,no_price
2026-06-24,M&M,Confluence,Tier 1,3032.652587890625,3.84,2.14,,no_price
2026-06-24,BEL,Confluence,Tier 1,413.54998779296875,-1.54,0.65,,no_price
2026-06-24,BHEL,Confluence,Tier 2,402.8999938964844,-0.05,2.74,,no_price
2026-06-24,CHOLAFIN,Confluence,Tier 2,1792.9000244140625,0.35,0.58,,no_price
2026-06-24,CIPLA,Confluence,Tier 2,1437.9000244140625,0.15,1.31,,no_price
2026-06-24,CUMMINSIND,Confluence,Tier 2,5555.5,1.56,1.94,,no_price
2026-06-24,DIVISLAB,Confluence,Tier 2,6753.5,-0.59,-3.08,,no_price
2026-06-24,DRREDDY,Confluence,Tier 2,1328.4000244140625,1.66,0.87,,no_price
2026-06-24,EICHERMOT,Confluence,Tier 2,7572.0,0.34,-5.72,,no_price
2026-06-24,KOTAKBANK,Confluence,Tier 2,405.95001220703125,0.75,-1.35,,no_price
2026-06-24,NESTLEIND,Confluence,Tier 2,1382.5999755859375,1.45,5.15,,no_price
2026-06-24,PHOENIXLTD,Confluence,Tier 2,1912.300048828125,-0.4,5.55,,no_price
2026-06-24,PRESTIGE,Confluence,Tier 2,1541.0999755859375,0.99,5.46,,no_price
2026-06-24,ABB,Confluence,Tier 2,6967.5,0.37,-0.44,,no_price
2026-06-24,BAJAJ-AUTO,Confluence,Tier 2,9750.0,0.95,0.94,,no_price
2026-06-24,BAJAJFINSV,Confluence,Tier 2,1778.98193359375,-0.89,1.05,,no_price
2026-06-24,BDL,Confluence,Tier 2,1383.5,-1.09,-0.33,,no_price
2026-06-24,COCHINSHIP,Confluence,Tier 2,1487.0999755859375,-1.93,1.16,,no_price
2026-06-24,DABUR,Confluence,Tier 2,424.1000061035156,-0.05,4.87,,no_price
2026-06-24,DLF,Confluence,Tier 2,618.1500244140625,0.52,4.94,,no_price
2026-06-24,GODREJPROP,Confluence,Tier 2,1820.5999755859375,1.65,7.63,,no_price
2026-06-24,HAL,Confluence,Tier 2,4368.89990234375,0.0,1.5,,no_price
2026-06-24,ITC,Confluence,Tier 2,290.3500061035156,-0.12,-0.02,,no_price
2026-06-24,LUPIN,Confluence,Tier 2,2367.60009765625,-1.02,1.26,,no_price
2026-06-24,MARUTI,Confluence,Tier 2,13248.0,3.75,8.66,,no_price
2026-06-24,MAZDOCK,Confluence,Tier 2,2493.0,-0.82,1.71,,no_price
2026-06-24,OBEROIRLTY,Confluence,Tier 2,1753.0999755859375,-0.22,2.94,,no_price
2026-06-24,SBIN,Confluence,Tier 2,1034.5999755859375,1.04,1.24,,no_price
2026-06-24,SHRIRAMFIN,Confluence,Tier 2,1013.268310546875,1.26,2.86,,no_price
2026-06-24,SIEMENS,Confluence,Tier 2,3561.5,1.86,-0.02,,no_price
2026-06-24,BRITANNIA,Confluence,Tier 2,5262.5,-0.48,-0.01,,no_price
2026-06-24,SBICARD,Confluence,Tier 2,607.5999755859375,2.84,-1.88,,no_price
2026-06-24,ASIANPAINT,Confluence,Tier 3,2667.5,-0.84,1.83,,no_price
2026-06-24,ATALREAL,Confluence,Tier 3,30.260000228881836,2.64,-6.31,,no_price
2026-06-24,GOCOLORS,Confluence,Tier 3,387.45001220703125,4.14,-2.9,,no_price
2026-06-24,PACEDIGITK,Confluence,Tier 3,212.77000427246094,-5.99,-1.99,,no_price
2026-06-24,RAMCOSYS,Confluence,Tier 3,673.7999877929688,5.34,18.03,,no_price
2026-06-24,RATNAVEER,Confluence,Tier 3,182.39999389648438,-1.04,-2.32,,no_price
2026-06-24,ROTO,Confluence,Tier 3,76.19999694824219,-2.4,-6.86,,no_price
2026-06-24,RPTECH,Confluence,Tier 3,762.0499877929688,2.47,3.4,,no_price
2026-06-24,SBC,Confluence,Tier 3,41.619998931884766,-0.07,0.91,,no_price
2026-06-24,TCIEXP,Confluence,Tier 3,615.6500244140625,-13.37,-17.32,,no_price
2026-06-24,BHARTIARTL,Confluence,Tier 3,1877.300048828125,-1.42,-0.34,,no_price
2026-06-24,NDRINVIT,Confluence,Tier 3,,,,,no_price
2026-06-24,RELIANCE,Confluence,Tier 3,1313.5999755859375,0.34,-0.43,,no_price
2026-06-24,INFY,Confluence,Tier 3,1056.5999755859375,-1.46,-6.75,,no_price
2026-06-24,PINELABS,Confluence,Tier 3,161.27000427246094,-0.74,-3.39,,no_price
2026-06-24,POWERGRID,Confluence,Tier 3,290.8999938964844,-2.41,-1.15,,no_price
2026-06-24,TCS,Confluence,Tier 3,2109.0,-0.68,-5.99,,no_price
2026-06-24,TITAN,Confluence,Tier 3,4323.7998046875,-0.75,1.73,,no_price
2026-07-01,RAMCOSYS,Deal Flow,BIG_BULK_BUY,,,,,no_price
2026-07-01,RAMBHAJO,Deal Flow,BIG_BULK_BUY,,,,,no_price
2026-07-01,GOCOLORS,Deal Flow,BIG_BULK_BUY,,,,,no_price
2026-07-01,BHARATSE,Deal Flow,BIG_BULK_BUY,,,,,no_price
2026-07-01,DIVGIITTS,Deal Flow,BIG_BULK_BUY,,,,,no_price
2026-07-01,MOTISONS,Deal Flow,BIG_BULK_BUY,,,,,no_price
2026-07-01,SAKSOFT,Deal Flow,BIG_BULK_BUY,,,,,no_price
2026-07-01,RITES,Deal Flow,BIG_BULK_BUY,,,,,no_price
2026-07-01,KPITTECH,Deal Flow,BIG_BULK_BUY,,,,,no_price
2026-07-01,SIGNPOST,Deal Flow,BIG_BULK_BUY,,,,,no_price
2026-07-01,PAISALO,Deal Flow,BIG_BULK_BUY,,,,,no_price
2026-07-01,ATALREAL,Deal Flow,BIG_BULK_BUY,,,,,no_price
2026-07-01,SHREEDHAR,Deal Flow,BIG_BULK_BUY,,,,,no_price
2026-07-01,KOTAKBANK,Institutional Flow,Strong,400.45001220703125,-0.29,-7.58,,no_price
2026-07-01,DLF,Institutional Flow,Strong,648.7000122070312,1.46,-0.86,,no_price
2026-07-01,GODREJPROP,Institutional Flow,Strong,1959.5999755859375,0.46,1.02,,no_price
2026-07-01,OBEROIRLTY,Institutional Flow,Strong,1804.5999755859375,3.33,5.0,,no_price
2026-07-01,PRESTIGE,Institutional Flow,Strong,1625.300048828125,3.0,2.18,,no_price
2026-07-01,PHOENIXLTD,Institutional Flow,Strong,2018.5,-0.3,2.22,,no_price
2026-07-01,HDFCBANK,Institutional Flow,Strong,796.1500244140625,-0.03,1.78,,no_price
2026-07-01,ICICIBANK,Institutional Flow,Strong,1379.800048828125,1.46,0.06,,no_price
2026-07-01,SBIN,Institutional Flow,Strong,1047.4000244140625,0.4,-2.91,,no_price
2026-07-01,AXISBANK,Institutional Flow,Strong,1368.699951171875,-0.45,-4.33,,no_price
2026-07-01,BAJFINANCE,Institutional Flow,Improving,1014.9000244140625,0.34,-0.44,,no_price
2026-07-01,CHOLAFIN,Institutional Flow,Improving,1803.300048828125,-0.82,-1.88,,no_price
2026-07-01,MARUTI,Institutional Flow,Improving,14395.0,-0.33,-3.08,,no_price
2026-07-01,M&M,Institutional Flow,Improving,3097.471923828125,1.45,0.16,,no_price
2026-07-01,BAJAJ-AUTO,Institutional Flow,Improving,9842.0,0.15,2.93,,no_price
2026-07-01,SUNPHARMA,Institutional Flow,Improving,1861.32177734375,0.26,4.39,,no_price
2026-07-01,CIPLA,Institutional Flow,Improving,1456.699951171875,-0.05,-1.71,,no_price
2026-07-01,DIVISLAB,Institutional Flow,Improving,6545.5,2.09,5.39,,no_price
2026-07-01,BHEL,Institutional Flow,Improving,413.95001220703125,-2.9,-8.73,,no_price
2026-07-01,CUMMINSIND,Institutional Flow,Improving,5663.0,-1.49,-2.75,,no_price
2026-07-01,BAJAJFINSV,Institutional Flow,Improving,1797.5999755859375,3.23,3.19,,no_price
2026-07-01,SHRIRAMFIN,Institutional Flow,Improving,1042.20458984375,1.77,-2.67,,no_price
2026-07-01,EICHERMOT,Institutional Flow,Improving,7139.0,1.55,2.93,,no_price
2026-07-01,DRREDDY,Institutional Flow,Improving,1339.9000244140625,0.43,-3.09,,no_price
2026-07-01,LUPIN,Institutional Flow,Improving,2397.5,0.09,2.57,,no_price
2026-07-01,HINDUNILVR,Institutional Flow,Improving,2182.0,1.31,-2.12,,no_price
2026-07-01,ITC,Institutional Flow,Improving,290.29998779296875,-0.14,-3.32,,no_price
2026-07-01,NESTLEIND,Institutional Flow,Improving,1453.800048828125,-0.52,-0.23,,no_price
2026-07-01,DABUR,Institutional Flow,Improving,444.75,0.51,-0.06,,no_price
2026-07-01,LT,Institutional Flow,Improving,4092.60009765625,-0.81,-4.9,,no_price
2026-07-01,HAL,Institutional Flow,Improving,4434.39990234375,-0.01,-1.57,,no_price
2026-07-01,BDL,Institutional Flow,Improving,1379.0,0.43,-3.02,,no_price
2026-07-01,MAZDOCK,Institutional Flow,Improving,2535.699951171875,0.76,-3.35,,no_price
2026-07-01,COCHINSHIP,Institutional Flow,Improving,1504.4000244140625,0.99,-6.67,,no_price
2026-07-01,SBICARD,Institutional Flow,Improving,596.1500244140625,1.41,-1.85,,no_price
2026-07-01,BRITANNIA,Institutional Flow,Improving,5262.0,2.13,1.02,,no_price
2026-07-01,SIEMENS,Institutional Flow,Improving,3560.699951171875,0.55,-3.22,,no_price
2026-07-01,ABB,Institutional Flow,Improving,6937.0,-1.1,-2.39,,no_price
2026-07-01,BEL,Institutional Flow,Improving,416.25,-0.29,-2.08,,no_price
2026-07-03,UNIONBANK,Corporate Actions,Dividend,,,,,no_price
2026-07-03,BHARATFORG,Corporate Actions,Dividend,,,,,no_price
2026-07-03,EXIDEIND,Corporate Actions,Dividend,,,,,no_price
2026-07-03,M&M,Corporate Actions,Dividend,,,,,no_price
2026-07-03,THERMAX,Corporate Actions,Dividend,,,,,no_price
2026-07-03,SKFINDIA,Corporate Actions,Dividend,,,,,no_price
2026-07-03,BIOCON,Corporate Actions,Dividend,,,,,no_price
2026-07-03,MAHLIFE,Corporate Actions,Dividend,,,,,no_price
2026-07-03,SWARAJENG,Corporate Actions,Dividend,,,,,no_price
2026-07-03,ONWARDTEC,Corporate Actions,Dividend,,,,,no_price
2026-07-03,BALAMINES,Corporate Actions,Dividend,,,,,no_price
2026-07-03,TECHM,Corporate Actions,Dividend,,,,,no_price
2026-07-03,REDINGTON,Corporate Actions,Dividend,,,,,no_price
2026-07-03,BFINVEST,Corporate Actions,Dividend,,,,,no_price
2026-07-03,DALMIASUG,Corporate Actions,Dividend,,,,,no_price
2026-07-03,CANFINHOME,Corporate Actions,Dividend,,,,,no_price
2026-07-02,CHEMBOND,Corporate Actions,Dividend,,,,,no_price
2026-07-02,LLOYDSENT,Corporate Actions,Dividend,,,,,no_price
2026-07-02,GUJENERGY,Corporate Actions,Mergers & Acquisitions,,,,,no_price
2026-07-02,INDIACEM,Corporate Actions,Dividend,,,,,no_price
2026-07-02,KAYNES,Corporate Actions,Management Change,,,,,no_price
2026-03-31,DRREDDY,Results,Weak,1209.5999755859375,0.64,0.19,9.37,no_price
2026-07-01,BAJAJ-AUTO,Confluence,Tier 2,9842.0,0.15,2.93,,no_price
2026-07-01,BAJFINANCE,Confluence,Tier 2,1014.9000244140625,0.34,-0.44,,no_price
2026-07-01,BHEL,Confluence,Tier 2,413.95001220703125,-2.9,-8.73,,no_price
2026-07-01,CHOLAFIN,Confluence,Tier 2,1803.300048828125,-0.82,-1.88,,no_price
2026-07-01,CIPLA,Confluence,Tier 2,1456.699951171875,-0.05,-1.71,,no_price
2026-07-01,CUMMINSIND,Confluence,Tier 2,5663.0,-1.49,-2.75,,no_price
2026-07-01,DIVISLAB,Confluence,Tier 2,6545.5,2.09,5.39,,no_price
2026-07-01,DLF,Confluence,Tier 2,648.7000122070312,1.46,-0.86,,no_price
2026-07-01,GODREJPROP,Confluence,Tier 2,1959.5999755859375,0.46,1.02,,no_price
2026-07-01,KOTAKBANK,Confluence,Tier 2,400.45001220703125,-0.29,-7.58,,no_price
2026-07-01,M&M,Confluence,Tier 2,3097.471923828125,1.45,0.16,,no_price
2026-07-01,MARUTI,Confluence,Tier 2,14395.0,-0.33,-3.08,,no_price
2026-07-01,OBEROIRLTY,Confluence,Tier 2,1804.5999755859375,3.33,5.0,,no_price
2026-07-01,PHOENIXLTD,Confluence,Tier 2,2018.5,-0.3,2.22,,no_price
2026-07-01,PRESTIGE,Confluence,Tier 2,1625.300048828125,3.0,2.18,,no_price
2026-07-01,SUNPHARMA,Confluence,Tier 2,1861.32177734375,0.26,4.39,,no_price
2026-07-01,AXISBANK,Confluence,Tier 2,1368.699951171875,-0.45,-4.33,,no_price
2026-07-01,BAJAJFINSV,Confluence,Tier 2,1797.5999755859375,3.23,3.19,,no_price
2026-07-01,BDL,Confluence,Tier 2,1379.0,0.43,-3.02,,no_price
2026-07-01,COCHINSHIP,Confluence,Tier 2,1504.4000244140625,0.99,-6.67,,no_price
2026-07-01,DABUR,Confluence,Tier 2,444.75,0.51,-0.06,,no_price
2026-07-01,DRREDDY,Confluence,Tier 2,1339.9000244140625,0.43,-3.09,,no_price
2026-07-01,EICHERMOT,Confluence,Tier 2,7139.0,1.55,2.93,,no_price
2026-07-01,HAL,Confluence,Tier 2,4434.39990234375,-0.01,-1.57,,no_price
2026-07-01,HDFCBANK,Confluence,Tier 2,796.1500244140625,-0.03,1.78,,no_price
2026-07-01,HINDUNILVR,Confluence,Tier 2,2182.0,1.31,-2.12,,no_price
2026-07-01,ICICIBANK,Confluence,Tier 2,1379.800048828125,1.46,0.06,,no_price
2026-07-01,ITC,Confluence,Tier 2,290.29998779296875,-0.14,-3.32,,no_price
2026-07-01,LT,Confluence,Tier 2,4092.60009765625,-0.81,-4.9,,no_price
2026-07-01,LUPIN,Confluence,Tier 2,2397.5,0.09,2.57,,no_price
2026-07-01,MAZDOCK,Confluence,Tier 2,2535.699951171875,0.76,-3.35,,no_price
2026-07-01,NESTLEIND,Confluence,Tier 2,1453.800048828125,-0.52,-0.23,,no_price
2026-07-01,SBIN,Confluence,Tier 2,1047.4000244140625,0.4,-2.91,,no_price
2026-07-01,SHRIRAMFIN,Confluence,Tier 2,1042.20458984375,1.77,-2.67,,no_price
2026-07-01,ABB,Confluence,Tier 2,6937.0,-1.1,-2.39,,no_price
2026-07-01,BEL,Confluence,Tier 2,416.25,-0.29,-2.08,,no_price
2026-07-01,BRITANNIA,Confluence,Tier 2,5262.0,2.13,1.02,,no_price
2026-07-01,SBICARD,Confluence,Tier 2,596.1500244140625,1.41,-1.85,,no_price
2026-07-01,SIEMENS,Confluence,Tier 2,3560.699951171875,0.55,-3.22,,no_price
2026-07-01,ATALREAL,Confluence,Tier 3,28.350000381469727,-0.85,0.99,,no_price
2026-07-01,BHARATSE,Confluence,Tier 3,222.5800018310547,8.17,5.03,,no_price
2026-07-01,DIVGIITTS,Confluence,Tier 3,987.8499755859375,-0.71,-1.53,,no_price
2026-07-01,GOCOLORS,Confluence,Tier 3,376.20001220703125,-4.31,-11.87,,no_price
2026-07-01,PAISALO,Confluence,Tier 3,70.83999633789062,1.52,-0.59,,no_price
2026-07-01,RAMCOSYS,Confluence,Tier 3,795.2999877929688,0.14,8.77,,no_price
2026-07-01,SAKSOFT,Confluence,Tier 3,194.97999572753906,-7.75,-14.19,,no_price
2026-07-01,SIGNPOST,Confluence,Tier 3,306.5,-2.89,1.19,,no_price
2026-07-01,MOTISONS,Confluence,Tier 3,14.149999618530273,0.14,-0.42,,no_price
2026-07-01,RAMBHAJO,Confluence,Tier 3,179.4600067138672,-2.37,-3.6,,no_price
2026-07-01,RITES,Confluence,Tier 3,233.19000244140625,-3.54,-4.31,,no_price
2026-07-01,SHREEDHAR,Confluence,Tier 3,,,,,no_price
2026-07-01,KPITTECH,Confluence,Tier 3,557.5499877929688,0.22,-0.53,,no_price
2026-07-02,RAMCOSYS,Deal Flow,BIG_BULK_BUY,,,,,no_price
2026-07-02,GCSL,Deal Flow,BIG_BULK_BUY,,,,,no_price
2026-07-02,SIGNPOST,Deal Flow,BIG_BULK_BUY,,,,,no_price
2026-07-02,ATALREAL,Deal Flow,BIG_BULK_BUY,,,,,no_price
2026-07-02,RHIM,Deal Flow,BIG_BULK_BUY,,,,,no_price
2026-07-02,ZENSARTECH,Deal Flow,BIG_BULK_BUY,,,,,no_price
2026-07-02,BHARATSE,Deal Flow,BIG_BULK_BUY,,,,,no_price
2026-07-02,KPITTECH,Deal Flow,BIG_BULK_BUY,,,,,no_price
2026-07-02,SAKSOFT,Deal Flow,BIG_BULK_BUY,,,,,no_price
2026-07-02,CONTROLPR,Deal Flow,BIG_BULK_BUY,,,,,no_price
2026-07-02,ORIENTTECH,Deal Flow,BIG_BULK_BUY,,,,,no_price
2026-07-02,ADFFOODS,Deal Flow,BIG_BULK_BUY,,,,,no_price
2026-07-02,IKIO,Deal Flow,BIG_BULK_BUY,,,,,no_price
2026-07-02,DPEL,Deal Flow,BIG_BULK_BUY,,,,,no_price
2026-07-02,COMSYN,Deal Flow,BIG_BULK_BUY,,,,,no_price
2026-07-02,DLF,Institutional Flow,Strong,658.2000122070312,2.69,,,no_price
2026-07-02,GODREJPROP,Institutional Flow,Strong,1968.699951171875,1.41,2.25,,no_price
2026-07-02,OBEROIRLTY,Institutional Flow,Strong,1864.699951171875,3.74,,,no_price
2026-07-02,PRESTIGE,Institutional Flow,Strong,1674.0999755859375,-0.36,,,no_price
2026-07-02,PHOENIXLTD,Institutional Flow,Strong,2012.5,1.74,,,no_price
2026-07-02,HAL,Institutional Flow,Strong,4434.0,-0.12,-1.65,,no_price
2026-07-02,BEL,Institutional Flow,Strong,415.04998779296875,0.72,-2.02,,no_price
2026-07-02,BDL,Institutional Flow,Strong,1384.9000244140625,0.24,-2.91,,no_price
2026-07-02,MAZDOCK,Institutional Flow,Strong,2555.0,-0.45,-5.85,,no_price
2026-07-02,COCHINSHIP,Institutional Flow,Strong,1519.300048828125,0.32,-6.4,,no_price
2026-07-02,ICICIBANK,Institutional Flow,Improving,1400.0,0.81,-0.33,,no_price
2026-07-02,KOTAKBANK,Institutional Flow,Improving,399.29998779296875,-0.64,-7.12,,no_price
2026-07-02,BAJFINANCE,Institutional Flow,Improving,1018.4000244140625,1.28,-2.05,,no_price
2026-07-02,BAJAJFINSV,Institutional Flow,Improving,1855.699951171875,2.15,0.53,,no_price
2026-07-02,CHOLAFIN,Institutional Flow,Improving,1788.5,0.07,-1.34,,no_price
2026-07-02,SHRIRAMFIN,Institutional Flow,Improving,1060.699951171875,0.27,-3.87,,no_price
2026-07-02,MARUTI,Institutional Flow,Improving,14348.0,0.13,-2.91,,no_price
2026-07-02,M&M,Institutional Flow,Improving,3142.39990234375,-0.18,-1.4,,no_price
2026-07-02,SUNPHARMA,Institutional Flow,Improving,1866.1092529296875,1.81,,,no_price
2026-07-02,DRREDDY,Institutional Flow,Improving,1345.699951171875,2.11,,,no_price
2026-07-02,CIPLA,Institutional Flow,Improving,1456.0,0.15,-0.65,,no_price
2026-07-02,DIVISLAB,Institutional Flow,Improving,6682.5,1.11,,,no_price
2026-07-02,LUPIN,Institutional Flow,Improving,2399.60009765625,3.18,4.73,,no_price
2026-07-02,BHEL,Institutional Flow,Improving,401.95001220703125,-4.57,-4.65,,no_price
2026-07-02,CUMMINSIND,Institutional Flow,Improving,5578.5,-1.8,,,no_price
2026-07-02,GAIL,Institutional Flow,Improving,174.2899932861328,-0.08,-1.82,,no_price
2026-07-02,HDFCBANK,Institutional Flow,Improving,795.9000244140625,0.65,2.46,,no_price
2026-07-02,SBIN,Institutional Flow,Improving,1051.5999755859375,-1.1,-2.35,,no_price
2026-07-02,AXISBANK,Institutional Flow,Improving,1362.5999755859375,-1.5,-4.07,,no_price
2026-07-02,BAJAJ-AUTO,Institutional Flow,Improving,9857.0,-0.73,,,no_price
2026-07-02,EICHERMOT,Institutional Flow,Improving,7250.0,1.23,,,no_price
2026-07-02,HINDUNILVR,Institutional Flow,Improving,2210.60009765625,-0.43,-2.52,,no_price
2026-07-02,ITC,Institutional Flow,Improving,289.8999938964844,0.02,-2.41,,no_price
2026-07-02,NESTLEIND,Institutional Flow,Improving,1446.199951171875,0.94,1.56,,no_price
2026-07-02,BRITANNIA,Institutional Flow,Improving,5374.0,0.09,-0.17,,no_price
2026-07-02,DABUR,Institutional Flow,Improving,447.0,-0.59,,,no_price
2026-07-02,LT,Institutional Flow,Improving,4059.39990234375,-0.81,-3.24,,no_price
2026-07-02,ABB,Institutional Flow,Improving,6861.0,1.3,-0.69,,no_price
2026-07-02,COALINDIA,Institutional Flow,Improving,438.8999938964844,-0.05,-1.44,,no_price
2026-07-02,SBICARD,Institutional Flow,Improving,604.5499877929688,-0.12,-2.99,,no_price
2026-07-02,SIEMENS,Institutional Flow,Improving,3580.39990234375,-1.23,-4.2,,no_price
2026-07-02,ONGC,Institutional Flow,Improving,235.9600067138672,0.8,4.3,,no_price
2026-07-02,NTPC,Institutional Flow,Improving,358.25,-0.5,-3.84,,no_price
2026-07-02,POWERGRID,Institutional Flow,Improving,288.20001220703125,-0.12,,,no_price
2026-07-03,WELENT,Corporate Actions,Dividend,,,,,no_price
2026-07-03,MBAPL,Corporate Actions,Stock Split,,,,,no_price
2026-07-03,TEAMLEASE,Corporate Actions,Buyback,,,,,no_price
2026-07-03,KRISHANA,Corporate Actions,Stock Split,,,,,no_price
2026-07-03,MARKSANS,Corporate Actions,Dividend,,,,,no_price
2026-07-03,RTNPOWER,Corporate Actions,Mergers & Acquisitions,,,,,no_price
2026-07-03,KPEL,Corporate Actions,Regulatory Approval,,,,,no_price
2026-07-03,INDOTHAI,Corporate Actions,Preferential Allotment,,,,,no_price
2026-07-03,COROMANDEL,Corporate Actions,Mergers & Acquisitions,,,,,no_price
2026-07-03,UFO,Corporate Actions,Mergers & Acquisitions,,,,,no_price
2026-07-02,BAJAJFINSV,Confluence,Tier 2,1855.699951171875,2.15,0.53,,no_price
2026-07-02,BAJFINANCE,Confluence,Tier 2,1018.4000244140625,1.28,-2.05,,no_price
2026-07-02,BHEL,Confluence,Tier 2,401.95001220703125,-4.57,-4.65,,no_price
2026-07-02,CHOLAFIN,Confluence,Tier 2,1788.5,0.07,-1.34,,no_price
2026-07-02,CIPLA,Confluence,Tier 2,1456.0,0.15,-0.65,,no_price
2026-07-02,CUMMINSIND,Confluence,Tier 2,5578.5,-1.8,,,no_price
2026-07-02,DIVISLAB,Confluence,Tier 2,6682.5,1.11,,,no_price
2026-07-02,DLF,Confluence,Tier 2,658.2000122070312,2.69,,,no_price
2026-07-02,DRREDDY,Confluence,Tier 2,1345.699951171875,2.11,,,no_price
2026-07-02,GAIL,Confluence,Tier 2,174.2899932861328,-0.08,-1.82,,no_price
2026-07-02,GODREJPROP,Confluence,Tier 2,1968.699951171875,1.41,2.25,,no_price
2026-07-02,ICICIBANK,Confluence,Tier 2,1400.0,0.81,-0.33,,no_price
2026-07-02,KOTAKBANK,Confluence,Tier 2,399.29998779296875,-0.64,-7.12,,no_price
2026-07-02,LUPIN,Confluence,Tier 2,2399.60009765625,3.18,4.73,,no_price
2026-07-02,M&M,Confluence,Tier 2,3142.39990234375,-0.18,-1.4,,no_price
2026-07-02,MARUTI,Confluence,Tier 2,14348.0,0.13,-2.91,,no_price
2026-07-02,OBEROIRLTY,Confluence,Tier 2,1864.699951171875,3.74,,,no_price
2026-07-02,PHOENIXLTD,Confluence,Tier 2,2012.5,1.74,,,no_price
2026-07-02,PRESTIGE,Confluence,Tier 2,1674.0999755859375,-0.36,,,no_price
2026-07-02,SHRIRAMFIN,Confluence,Tier 2,1060.699951171875,0.27,-3.87,,no_price
2026-07-02,SUNPHARMA,Confluence,Tier 2,1866.1092529296875,1.81,,,no_price
2026-07-02,ABB,Confluence,Tier 2,6861.0,1.3,-0.69,,no_price
2026-07-02,AXISBANK,Confluence,Tier 2,1362.5999755859375,-1.5,-4.07,,no_price
2026-07-02,BAJAJ-AUTO,Confluence,Tier 2,9857.0,-0.73,,,no_price
2026-07-02,BDL,Confluence,Tier 2,1384.9000244140625,0.24,-2.91,,no_price
2026-07-02,BEL,Confluence,Tier 2,415.04998779296875,0.72,-2.02,,no_price
2026-07-02,BRITANNIA,Confluence,Tier 2,5374.0,0.09,-0.17,,no_price
2026-07-02,COALINDIA,Confluence,Tier 2,438.8999938964844,-0.05,-1.44,,no_price
2026-07-02,DABUR,Confluence,Tier 2,447.0,-0.59,,,no_price
2026-07-02,EICHERMOT,Confluence,Tier 2,7250.0,1.23,,,no_price
2026-07-02,HAL,Confluence,Tier 2,4434.0,-0.12,-1.65,,no_price
2026-07-02,HDFCBANK,Confluence,Tier 2,795.9000244140625,0.65,2.46,,no_price
2026-07-02,HINDUNILVR,Confluence,Tier 2,2210.60009765625,-0.43,-2.52,,no_price
2026-07-02,ITC,Confluence,Tier 2,289.8999938964844,0.02,-2.41,,no_price
2026-07-02,LT,Confluence,Tier 2,4059.39990234375,-0.81,-3.24,,no_price
2026-07-02,MAZDOCK,Confluence,Tier 2,2555.0,-0.45,-5.85,,no_price
2026-07-02,NESTLEIND,Confluence,Tier 2,1446.199951171875,0.94,1.56,,no_price
2026-07-02,SBIN,Confluence,Tier 2,1051.5999755859375,-1.1,-2.35,,no_price
2026-07-02,COCHINSHIP,Confluence,Tier 2,1519.300048828125,0.32,-6.4,,no_price
2026-07-02,NTPC,Confluence,Tier 2,358.25,-0.5,-3.84,,no_price
2026-07-02,ONGC,Confluence,Tier 2,235.9600067138672,0.8,4.3,,no_price
2026-07-02,POWERGRID,Confluence,Tier 2,288.20001220703125,-0.12,,,no_price
2026-07-02,SBICARD,Confluence,Tier 2,604.5499877929688,-0.12,-2.99,,no_price
2026-07-02,SIEMENS,Confluence,Tier 2,3580.39990234375,-1.23,-4.2,,no_price
2026-07-02,ADFFOODS,Confluence,Tier 3,317.1000061035156,1.04,,,no_price
2026-07-02,ATALREAL,Confluence,Tier 3,28.110000610351562,-0.18,,,no_price
2026-07-02,BHARATSE,Confluence,Tier 3,240.75999450683594,-0.43,,,no_price
2026-07-02,COMSYN,Confluence,Tier 3,186.75999450683594,7.26,,,no_price
2026-07-02,DPEL,Confluence,Tier 3,496.3500061035156,3.88,,,no_price
2026-07-02,GCSL,Confluence,Tier 3,460.04998779296875,6.61,,,no_price
2026-07-02,IKIO,Confluence,Tier 3,170.24000549316406,19.14,,,no_price
2026-07-02,RAMCOSYS,Confluence,Tier 3,796.4000244140625,0.4,,,no_price
2026-07-02,SAKSOFT,Confluence,Tier 3,179.86000061035156,-0.49,-4.83,,no_price
2026-07-02,SIGNPOST,Confluence,Tier 3,297.6499938964844,0.69,6.65,,no_price
2026-07-02,CONTROLPR,Confluence,Tier 3,711.5999755859375,-3.44,,,no_price
2026-07-02,ORIENTTECH,Confluence,Tier 3,263.54998779296875,0.24,,,no_price
2026-07-02,RHIM,Confluence,Tier 3,403.20001220703125,-4.69,,,no_price
2026-07-02,ZENSARTECH,Confluence,Tier 3,467.3500061035156,10.43,-3.86,,no_price
2026-07-02,KPITTECH,Confluence,Tier 3,558.7999877929688,-0.03,-1.05,,no_price
2026-07-03,RAMCOSYS,Deal Flow,BIG_BULK_BUY,,,,,no_price
2026-07-03,ZENSARTECH,Deal Flow,BIG_BULK_BUY,,,,,no_price
2026-07-03,IKIO,Deal Flow,BIG_BULK_BUY,,,,,no_price
2026-07-03,SAKSOFT,Deal Flow,BIG_BULK_BUY,,,,,no_price
2026-07-03,COMSYN,Deal Flow,BIG_BULK_BUY,,,,,no_price
2026-07-03,GCSL,Deal Flow,BIG_BULK_BUY,,,,,no_price
2026-07-03,VISL,Deal Flow,BIG_BULK_BUY,,,,,no_price
2026-07-03,PCJEWELLER,Deal Flow,BIG_BULK_BUY,,,,,no_price
2026-07-03,INDOFARM,Deal Flow,BIG_BULK_BUY,,,,,no_price
2026-07-03,DENTA,Deal Flow,BIG_BULK_BUY,,,,,no_price
2026-07-03,BHARATSE,Deal Flow,BIG_BULK_BUY,,,,,no_price
2026-07-03,ATALREAL,Deal Flow,REPEAT_BUYING,,,,,no_price
2026-07-03,SIGNPOST,Deal Flow,REPEAT_BUYING,,,,,no_price
2026-07-03,ICICIBANK,Institutional Flow,Strong,1411.4000244140625,1.1,,,no_price
2026-07-03,KOTAKBANK,Institutional Flow,Strong,396.75,-3.89,,,no_price
2026-07-03,HDFCBANK,Institutional Flow,Strong,801.0499877929688,3.6,,,no_price
2026-07-03,SBIN,Institutional Flow,Strong,1040.0,-0.22,,,no_price
2026-07-03,AXISBANK,Institutional Flow,Strong,1342.0999755859375,-0.19,,,no_price
2026-07-03,BAJFINANCE,Institutional Flow,Improving,1031.4000244140625,-0.22,,,no_price
2026-07-03,BAJAJFINSV,Institutional Flow,Improving,1895.5999755859375,-1.31,,,no_price
2026-07-03,CHOLAFIN,Institutional Flow,Improving,1789.800048828125,3.39,,,no_price
2026-07-03,SHRIRAMFIN,Institutional Flow,Improving,1063.5999755859375,-0.12,,,no_price
2026-07-03,MARUTI,Institutional Flow,Improving,14366.0,0.63,,,no_price
2026-07-03,M&M,Institutional Flow,Improving,3136.89990234375,2.05,,,no_price
2026-07-03,SUNPHARMA,Institutional Flow,Improving,1899.8209228515625,0.42,,,no_price
2026-07-03,DRREDDY,Institutional Flow,Improving,1374.0999755859375,-0.45,,,no_price
2026-07-03,CIPLA,Institutional Flow,Improving,1458.199951171875,0.97,,,no_price
2026-07-03,DIVISLAB,Institutional Flow,Improving,6757.0,1.49,,,no_price
2026-07-03,LUPIN,Institutional Flow,Improving,2476.0,0.63,,,no_price
2026-07-03,BHEL,Institutional Flow,Improving,383.6000061035156,1.02,,,no_price
2026-07-03,CUMMINSIND,Institutional Flow,Improving,5478.0,1.83,,,no_price
2026-07-03,HAL,Institutional Flow,Improving,4428.89990234375,0.26,,,no_price
2026-07-03,DLF,Institutional Flow,Improving,675.9000244140625,-0.38,,,no_price
2026-07-03,GODREJPROP,Institutional Flow,Improving,1996.4000244140625,2.5,,,no_price
2026-07-03,OBEROIRLTY,Institutional Flow,Improving,1934.4000244140625,0.98,,,no_price
2026-07-03,PRESTIGE,Institutional Flow,Improving,1668.0,2.13,,,no_price
2026-07-03,PHOENIXLTD,Institutional Flow,Improving,2047.5999755859375,2.84,,,no_price
2026-07-03,BAJAJ-AUTO,Institutional Flow,Improving,9785.5,2.57,,,no_price
2026-07-03,EICHERMOT,Institutional Flow,Improving,7339.5,1.8,,,no_price
2026-07-03,HINDUNILVR,Institutional Flow,Improving,2201.199951171875,0.04,,,no_price
2026-07-03,ITC,Institutional Flow,Improving,289.95001220703125,-0.59,,,no_price
2026-07-03,NESTLEIND,Institutional Flow,Improving,1459.800048828125,0.95,,,no_price
2026-07-03,BRITANNIA,Institutional Flow,Improving,5379.0,1.4,,,no_price
2026-07-03,DABUR,Institutional Flow,Improving,444.3500061035156,1.22,,,no_price
2026-07-03,LT,Institutional Flow,Improving,4026.60009765625,0.36,,,no_price
2026-07-03,ABB,Institutional Flow,Improving,6950.5,1.76,,,no_price
2026-07-03,BEL,Institutional Flow,Improving,418.04998779296875,1.79,,,no_price
2026-07-03,BDL,Institutional Flow,Improving,1388.199951171875,1.54,,,no_price
2026-07-03,MAZDOCK,Institutional Flow,Improving,2543.60009765625,1.19,,,no_price
2026-07-03,SBICARD,Institutional Flow,Improving,603.7999877929688,-0.05,,,no_price
2026-07-03,SIEMENS,Institutional Flow,Improving,3536.300048828125,1.0,,,no_price
2026-07-03,COCHINSHIP,Institutional Flow,Improving,1524.0999755859375,-1.16,,,no_price
2026-07-10,HINDALCO,Corporate Actions,Dividend,,,,,no_price
2026-07-10,VSTIND,Corporate Actions,Dividend,,,,,no_price
2026-07-10,GRINDWELL,Corporate Actions,Dividend,,,,,no_price
2026-07-10,JKCEMENT,Corporate Actions,Dividend,,,,,no_price
2026-07-10,APOLLOTYRE,Corporate Actions,Dividend,,,,,no_price
2026-07-10,AXISBANK,Corporate Actions,Dividend,,,,,no_price
2026-07-09,SFL,Corporate Actions,Dividend,,,,,no_price
2026-07-09,TITAN,Corporate Actions,Dividend,,,,,no_price
2026-07-08,MPHASIS,Corporate Actions,Dividend,,,,,no_price
2026-07-08,UNITDSPR,Corporate Actions,Dividend,,,,,no_price
2026-07-08,BLISSGVS,Corporate Actions,Dividend,,,,,no_price
2026-07-07,JSWSTEEL,Corporate Actions,Dividend,,,,,no_price
2026-07-07,SUNPHARMA,Corporate Actions,Dividend,,,,,no_price
2026-07-07,DODLA,Corporate Actions,Dividend,,,,,no_price
2026-07-07,TSFINV,Corporate Actions,Dividend,,,,,no_price
2026-07-07,CERA,Corporate Actions,Dividend,,,,,no_price
2026-07-06,PILANIINVS,Corporate Actions,Dividend,,,,,no_price
2026-07-06,DJML,Corporate Actions,Dividend,,,,,no_price
2026-07-06,DCMSIL,Corporate Actions,Dividend,,,,,no_price
2026-07-06,SUNDARMFIN,Corporate Actions,Dividend,,,,,no_price
2026-07-04,EPL,Corporate Actions,Mergers & Acquisitions,,,,,no_price
2026-07-04,GLOBECIVIL,Corporate Actions,Large Order Win,,,,,no_price
2026-03-31,RELIANCE,Results,Weak,1362.8984375,-1.37,-2.86,4.5,no_price
2026-07-03,BAJAJFINSV,Confluence,Tier 2,1895.5999755859375,-1.31,,,no_price
2026-07-03,BAJFINANCE,Confluence,Tier 2,1031.4000244140625,-0.22,,,no_price
2026-07-03,BHEL,Confluence,Tier 2,383.6000061035156,1.02,,,no_price
2026-07-03,CHOLAFIN,Confluence,Tier 2,1789.800048828125,3.39,,,no_price
2026-07-03,CIPLA,Confluence,Tier 2,1458.199951171875,0.97,,,no_price
2026-07-03,CUMMINSIND,Confluence,Tier 2,5478.0,1.83,,,no_price
2026-07-03,DIVISLAB,Confluence,Tier 2,6757.0,1.49,,,no_price
2026-07-03,DLF,Confluence,Tier 2,675.9000244140625,-0.38,,,no_price
2026-07-03,DRREDDY,Confluence,Tier 2,1374.0999755859375,-0.45,,,no_price
2026-07-03,GODREJPROP,Confluence,Tier 2,1996.4000244140625,2.5,,,no_price
2026-07-03,HAL,Confluence,Tier 2,4428.89990234375,0.26,,,no_price
2026-07-03,ICICIBANK,Confluence,Tier 2,1411.4000244140625,1.1,,,no_price
2026-07-03,KOTAKBANK,Confluence,Tier 2,396.75,-3.89,,,no_price
2026-07-03,LUPIN,Confluence,Tier 2,2476.0,0.63,,,no_price
2026-07-03,M&M,Confluence,Tier 2,3136.89990234375,2.05,,,no_price
2026-07-03,MARUTI,Confluence,Tier 2,14366.0,0.63,,,no_price
2026-07-03,OBEROIRLTY,Confluence,Tier 2,1934.4000244140625,0.98,,,no_price
2026-07-03,PHOENIXLTD,Confluence,Tier 2,2047.5999755859375,2.84,,,no_price
2026-07-03,PRESTIGE,Confluence,Tier 2,1668.0,2.13,,,no_price
2026-07-03,SHRIRAMFIN,Confluence,Tier 2,1063.5999755859375,-0.12,,,no_price
2026-07-03,SUNPHARMA,Confluence,Tier 2,1899.8209228515625,0.42,,,no_price
2026-07-03,ABB,Confluence,Tier 2,6950.5,1.76,,,no_price
2026-07-03,AXISBANK,Confluence,Tier 2,1342.0999755859375,-0.19,,,no_price
2026-07-03,BAJAJ-AUTO,Confluence,Tier 2,9785.5,2.57,,,no_price
2026-07-03,BDL,Confluence,Tier 2,1388.199951171875,1.54,,,no_price
2026-07-03,BEL,Confluence,Tier 2,418.04998779296875,1.79,,,no_price
2026-07-03,BRITANNIA,Confluence,Tier 2,5379.0,1.4,,,no_price
2026-07-03,DABUR,Confluence,Tier 2,444.3500061035156,1.22,,,no_price
2026-07-03,EICHERMOT,Confluence,Tier 2,7339.5,1.8,,,no_price
2026-07-03,HDFCBANK,Confluence,Tier 2,801.0499877929688,3.6,,,no_price
2026-07-03,HINDUNILVR,Confluence,Tier 2,2201.199951171875,0.04,,,no_price
2026-07-03,ITC,Confluence,Tier 2,289.95001220703125,-0.59,,,no_price
2026-07-03,LT,Confluence,Tier 2,4026.60009765625,0.36,,,no_price
2026-07-03,MAZDOCK,Confluence,Tier 2,2543.60009765625,1.19,,,no_price
2026-07-03,NESTLEIND,Confluence,Tier 2,1459.800048828125,0.95,,,no_price
2026-07-03,SBIN,Confluence,Tier 2,1040.0,-0.22,,,no_price
2026-07-03,COCHINSHIP,Confluence,Tier 2,1524.0999755859375,-1.16,,,no_price
2026-07-03,SBICARD,Confluence,Tier 2,603.7999877929688,-0.05,,,no_price
2026-07-03,SIEMENS,Confluence,Tier 2,3536.300048828125,1.0,,,no_price
2026-07-03,ATALREAL,Confluence,Tier 3,28.059999465942383,0.43,,,no_price
2026-07-03,BHARATSE,Confluence,Tier 3,239.72999572753906,1.19,,,no_price
2026-07-03,COMSYN,Confluence,Tier 3,200.30999755859375,-4.74,,,no_price
2026-07-03,DENTA,Confluence,Tier 3,352.8999938964844,-1.73,,,no_price
2026-07-03,GCSL,Confluence,Tier 3,490.45001220703125,0.15,,,no_price
2026-07-03,IKIO,Confluence,Tier 3,202.82000732421875,-1.68,,,no_price
2026-07-03,INDOFARM,Confluence,Tier 3,163.61000061035156,2.07,,,no_price
2026-07-03,PCJEWELLER,Confluence,Tier 3,10.300000190734863,-8.16,,,no_price
2026-07-03,RAMCOSYS,Confluence,Tier 3,799.5999755859375,10.0,,,no_price
2026-07-03,SAKSOFT,Confluence,Tier 3,178.97999572753906,-5.13,,,no_price
2026-07-03,SIGNPOST,Confluence,Tier 3,299.70001220703125,-3.04,,,no_price
2026-07-03,VISL,Confluence,Tier 3,40.52000045776367,-4.99,,,no_price
2026-07-03,ZENSARTECH,Confluence,Tier 3,516.0999755859375,-7.39,,,no_price
2026-07-07,RITES,Deal Flow,BIG_BULK_BUY,,,,,no_price
2026-07-07,RAMCOSYS,Deal Flow,BIG_BULK_BUY,,,,,no_price
2026-07-07,CAPITALSFB,Deal Flow,BIG_BLOCK_BUY,,,,,no_price
2026-07-07,SAKSOFT,Deal Flow,BIG_BULK_BUY,,,,,no_price
2026-07-07,SIGNPOST,Deal Flow,REPEAT_BUYING,,,,,no_price
2026-07-07,SHAREINDIA,Deal Flow,BIG_BULK_BUY,,,,,no_price
2026-07-07,TARC,Deal Flow,BIG_BULK_BUY,,,,,no_price
2026-07-07,IOLCP,Deal Flow,BIG_BULK_BUY,,,,,no_price
2026-07-07,ITDC,Deal Flow,BIG_BULK_BUY,,,,,no_price
2026-07-07,MOTISONS,Deal Flow,BIG_BULK_BUY,,,,,no_price
2026-07-07,MANCREDIT,Deal Flow,BIG_BULK_BUY,,,,,no_price
2026-07-07,ATALREAL,Deal Flow,REPEAT_BUYING,,,,,no_price
2026-07-07,GCSL,Deal Flow,REPEAT_BUYING,,,,,no_price
2026-07-07,BMLL,Deal Flow,REPEAT_BUYING,,,,,no_price
2026-07-07,COMSYN,Deal Flow,REPEAT_BUYING,,,,,no_price
2026-07-07,DLF,Institutional Flow,Strong,651.0999755859375,-1.23,,,no_price
2026-07-07,GODREJPROP,Institutional Flow,Strong,2043.0999755859375,-3.11,,,no_price
2026-07-07,OBEROIRLTY,Institutional Flow,Strong,1906.4000244140625,-0.61,,,no_price
2026-07-07,PRESTIGE,Institutional Flow,Strong,1673.300048828125,-0.75,,,no_price
2026-07-07,PHOENIXLTD,Institutional Flow,Strong,2075.10009765625,-0.57,,,no_price
2026-07-07,HDFCBANK,Institutional Flow,Improving,829.2999877929688,-2.29,,,no_price
2026-07-07,ICICIBANK,Institutional Flow,Improving,1414.699951171875,-2.41,,,no_price
2026-07-07,BAJFINANCE,Institutional Flow,Improving,1042.5,-3.08,,,no_price
2026-07-07,BAJAJFINSV,Institutional Flow,Improving,1885.300048828125,-1.61,,,no_price
2026-07-07,CHOLAFIN,Institutional Flow,Improving,1853.4000244140625,-4.53,,,no_price
2026-07-07,SHRIRAMFIN,Institutional Flow,Improving,1066.800048828125,-4.91,,,no_price
2026-07-07,MARUTI,Institutional Flow,Improving,14538.0,-4.04,,,no_price
2026-07-07,BAJAJ-AUTO,Institutional Flow,Improving,10109.5,0.2,,,no_price
2026-07-07,SUNPHARMA,Institutional Flow,Improving,1903.4000244140625,2.09,,,no_price
2026-07-07,CIPLA,Institutional Flow,Improving,1451.800048828125,-1.38,,,no_price
2026-07-07,LUPIN,Institutional Flow,Improving,2490.199951171875,-1.25,,,no_price
2026-07-07,SBIN,Institutional Flow,Improving,1038.0999755859375,-2.04,,,no_price
2026-07-07,AXISBANK,Institutional Flow,Improving,1341.0,-2.35,,,no_price
2026-07-07,KOTAKBANK,Institutional Flow,Improving,381.70001220703125,-3.04,,,no_price
2026-07-07,HCLTECH,Institutional Flow,Improving,1168.199951171875,-1.93,,,no_price
2026-07-07,TECHM,Institutional Flow,Improving,1447.5,-1.29,,,no_price
2026-07-07,M&M,Institutional Flow,Improving,3196.39990234375,-2.94,,,no_price
2026-07-07,EICHERMOT,Institutional Flow,Improving,7536.0,-2.49,,,no_price
2026-07-07,DRREDDY,Institutional Flow,Improving,1354.5999755859375,-4.14,,,no_price
2026-07-07,DIVISLAB,Institutional Flow,Improving,6771.5,1.87,,,no_price
2026-07-07,HAL,Institutional Flow,Improving,4400.2998046875,-0.81,,,no_price
2026-07-07,BDL,Institutional Flow,Improving,1395.699951171875,-4.18,,,no_price
2026-07-07,SBICARD,Institutional Flow,Improving,604.9500122070312,-3.28,,,no_price
2026-07-07,TCS,Institutional Flow,Improving,2096.10009765625,-1.84,,,no_price
2026-07-07,INFY,Institutional Flow,Improving,1071.800048828125,-0.23,,,no_price
2026-07-07,WIPRO,Institutional Flow,Improving,173.0,-0.16,,,no_price
2026-07-07,BEL,Institutional Flow,Improving,419.1499938964844,-2.76,,,no_price
2026-07-07,MAZDOCK,Institutional Flow,Improving,2523.199951171875,-2.87,,,no_price
2026-07-07,COCHINSHIP,Institutional Flow,Improving,1445.699951171875,-2.88,,,no_price
2026-07-10,SMARTLINK,Corporate Actions,Dividend,,,,,no_price
2026-07-10,SOBHA,Corporate Actions,Dividend,,,,,no_price
2026-07-10,NESTLEIND,Corporate Actions,Dividend,,,,,no_price
2026-07-10,DLINKINDIA,Corporate Actions,Dividend,,,,,no_price
2026-07-10,GOLDIAM,Corporate Actions,Bonus Issue,,,,,no_price
2026-07-10,PTL,Corporate Actions,Dividend,,,,,no_price
2026-07-10,NILKAMAL,Corporate Actions,Dividend,,,,,no_price
2026-07-09,RPGLIFE,Corporate Actions,Dividend,,,,,no_price
2026-07-09,TARACHAND,Corporate Actions,Dividend,,,,,no_price
2026-07-09,HARSHA,Corporate Actions,Dividend,,,,,no_price
2026-07-08,KRISHNADEF,Corporate Actions,Dividend,,,,,no_price
2026-07-08,MARKSANS,Corporate Actions,Mergers & Acquisitions,,,,,no_price
2026-07-07,BAJAJ-AUTO,Confluence,Tier 2,10109.5,0.2,,,no_price
2026-07-07,BAJAJFINSV,Confluence,Tier 2,1885.300048828125,-1.61,,,no_price
2026-07-07,BAJFINANCE,Confluence,Tier 2,1042.5,-3.08,,,no_price
2026-07-07,CHOLAFIN,Confluence,Tier 2,1853.4000244140625,-4.53,,,no_price
2026-07-07,CIPLA,Confluence,Tier 2,1451.800048828125,-1.38,,,no_price
2026-07-07,DLF,Confluence,Tier 2,651.0999755859375,-1.23,,,no_price
2026-07-07,GODREJPROP,Confluence,Tier 2,2043.0999755859375,-3.11,,,no_price
2026-07-07,HDFCBANK,Confluence,Tier 2,829.2999877929688,-2.29,,,no_price
2026-07-07,ICICIBANK,Confluence,Tier 2,1414.699951171875,-2.41,,,no_price
2026-07-07,LUPIN,Confluence,Tier 2,2490.199951171875,-1.25,,,no_price
2026-07-07,MARUTI,Confluence,Tier 2,14538.0,-4.04,,,no_price
2026-07-07,OBEROIRLTY,Confluence,Tier 2,1906.4000244140625,-0.61,,,no_price
2026-07-07,PHOENIXLTD,Confluence,Tier 2,2075.10009765625,-0.57,,,no_price
2026-07-07,PRESTIGE,Confluence,Tier 2,1673.300048828125,-0.75,,,no_price
2026-07-07,SHRIRAMFIN,Confluence,Tier 2,1066.800048828125,-4.91,,,no_price
2026-07-07,SUNPHARMA,Confluence,Tier 2,1903.4000244140625,2.09,,,no_price
2026-07-07,AXISBANK,Confluence,Tier 2,1341.0,-2.35,,,no_price
2026-07-07,BDL,Confluence,Tier 2,1395.699951171875,-4.18,,,no_price
2026-07-07,DIVISLAB,Confluence,Tier 2,6771.5,1.87,,,no_price
2026-07-07,DRREDDY,Confluence,Tier 2,1354.5999755859375,-4.14,,,no_price
2026-07-07,EICHERMOT,Confluence,Tier 2,7536.0,-2.49,,,no_price
2026-07-07,HAL,Confluence,Tier 2,4400.2998046875,-0.81,,,no_price
2026-07-07,HCLTECH,Confluence,Tier 2,1168.199951171875,-1.93,,,no_price
2026-07-07,KOTAKBANK,Confluence,Tier 2,381.70001220703125,-3.04,,,no_price
2026-07-07,M&M,Confluence,Tier 2,3196.39990234375,-2.94,,,no_price
2026-07-07,SBIN,Confluence,Tier 2,1038.0999755859375,-2.04,,,no_price
2026-07-07,TECHM,Confluence,Tier 2,1447.5,-1.29,,,no_price
2026-07-07,BEL,Confluence,Tier 2,419.1499938964844,-2.76,,,no_price
2026-07-07,COCHINSHIP,Confluence,Tier 2,1445.699951171875,-2.88,,,no_price
2026-07-07,INFY,Confluence,Tier 2,1071.800048828125,-0.23,,,no_price
2026-07-07,MAZDOCK,Confluence,Tier 2,2523.199951171875,-2.87,,,no_price
2026-07-07,SBICARD,Confluence,Tier 2,604.9500122070312,-3.28,,,no_price
2026-07-07,TCS,Confluence,Tier 2,2096.10009765625,-1.84,,,no_price
2026-07-07,WIPRO,Confluence,Tier 2,173.0,-0.16,,,no_price
2026-07-07,ATALREAL,Confluence,Tier 3,28.610000610351562,0.07,,,no_price
2026-07-07,CAPITALSFB,Confluence,Tier 3,295.25,-3.13,,,no_price
2026-07-07,COMSYN,Confluence,Tier 3,191.86000061035156,2.65,,,no_price
2026-07-07,GCSL,Confluence,Tier 3,486.1000061035156,-0.76,,,no_price
2026-07-07,IOLCP,Confluence,Tier 3,165.0399932861328,1.25,,,no_price
2026-07-07,ITDC,Confluence,Tier 3,702.7999877929688,7.38,,,no_price
2026-07-07,MANCREDIT,Confluence,Tier 3,231.41000366210938,1.98,,,no_price
2026-07-07,RAMCOSYS,Confluence,Tier 3,880.0499877929688,-1.7,,,no_price
2026-07-07,SAKSOFT,Confluence,Tier 3,176.60000610351562,-5.26,,,no_price
2026-07-07,SHAREINDIA,Confluence,Tier 3,164.91000366210938,7.77,,,no_price
2026-07-07,SIGNPOST,Confluence,Tier 3,297.5,4.25,,,no_price
2026-07-07,BMLL,Confluence,Tier 3,,,,,no_price
2026-07-07,MOTISONS,Confluence,Tier 3,14.90999984741211,-5.5,,,no_price
2026-07-07,RITES,Confluence,Tier 3,235.42999267578125,-5.22,,,no_price
2026-07-07,TARC,Confluence,Tier 3,127.51000213623047,-2.54,,,no_price
2026-07-08,SHAREINDIA,Deal Flow,BIG_BULK_BUY,,,,,no_price
2026-07-08,BAYERCROP,Deal Flow,BIG_BLOCK_BUY,,,,,no_price
2026-07-08,JINDRILL,Deal Flow,BIG_BULK_BUY,,,,,no_price
2026-07-08,CGCL,Deal Flow,BIG_BULK_BUY,,,,,no_price
2026-07-08,RAMCOSYS,Deal Flow,BIG_BULK_BUY,,,,,no_price
2026-07-08,SAKSOFT,Deal Flow,BIG_BULK_BUY,,,,,no_price
2026-07-08,MASTERTR,Deal Flow,BIG_BULK_BUY,,,,,no_price
2026-07-08,ATALREAL,Deal Flow,BIG_BULK_BUY,,,,,no_price
2026-07-08,GCSL,Deal Flow,REPEAT_BUYING,,,,,no_price
2026-07-08,ITDC,Deal Flow,BIG_BULK_BUY,,,,,no_price
2026-07-08,KALYANKJIL,Deal Flow,BIG_BULK_BUY,,,,,no_price
2026-07-08,KNACK,Deal Flow,BIG_BULK_BUY,,,,,no_price
2026-07-08,GEMAROMA,Deal Flow,BIG_BULK_BUY,,,,,no_price
2026-07-08,IOLCP,Deal Flow,BIG_BULK_BUY,,,,,no_price
2026-07-08,AGIIL,Deal Flow,BIG_BULK_BUY,,,,,no_price
2026-07-08,RATNAVEER,Deal Flow,BIG_BULK_BUY,,,,,no_price
2026-07-08,IWARE,Deal Flow,BIG_BULK_BUY,,,,,no_price
2026-07-08,MODIS,Deal Flow,BIG_BULK_BUY,,,,,no_price
2026-07-08,MAGSON,Deal Flow,REPEAT_BUYING,,,,,no_price
2026-07-08,BMLL,Deal Flow,REPEAT_BUYING,,,,,no_price
2026-07-08,COMSYN,Deal Flow,REPEAT_BUYING,,,,,no_price
2026-07-08,RITES,Deal Flow,REPEAT_BUYING,,,,,no_price
2026-07-08,SIGNPOST,Deal Flow,REPEAT_BUYING,,,,,no_price
2026-07-08,SUNPHARMA,Institutional Flow,Strong,1943.0999755859375,,,,no_price
2026-07-08,CIPLA,Institutional Flow,Strong,1431.800048828125,1.03,,,no_price
2026-07-08,DIVISLAB,Institutional Flow,Strong,6898.0,,,,no_price
2026-07-08,LUPIN,Institutional Flow,Strong,2459.0,2.2,,,no_price
2026-07-08,DLF,Institutional Flow,Strong,643.0999755859375,,,,no_price
2026-07-08,GODREJPROP,Institutional Flow,Strong,1979.5,1.69,,,no_price
2026-07-08,OBEROIRLTY,Institutional Flow,Strong,1894.800048828125,,,,no_price
2026-07-08,PRESTIGE,Institutional Flow,Strong,1660.800048828125,,,,no_price
2026-07-08,PHOENIXLTD,Institutional Flow,Strong,2063.300048828125,,,,no_price
2026-07-08,DRREDDY,Institutional Flow,Strong,1298.5,,,,no_price
2026-07-08,HDFCBANK,Institutional Flow,Improving,810.2999877929688,0.64,,,no_price
2026-07-08,ICICIBANK,Institutional Flow,Improving,1380.5999755859375,1.07,,,no_price
2026-07-08,BAJFINANCE,Institutional Flow,Improving,1010.4000244140625,-1.28,,,no_price
2026-07-08,BAJAJFINSV,Institutional Flow,Improving,1854.9000244140625,0.57,,,no_price
2026-07-08,CHOLAFIN,Institutional Flow,Improving,1769.4000244140625,-0.28,,,no_price
2026-07-08,SHRIRAMFIN,Institutional Flow,Improving,1014.4000244140625,0.51,,,no_price
2026-07-08,SBIN,Institutional Flow,Improving,1016.9000244140625,0.98,,,no_price
2026-07-08,AXISBANK,Institutional Flow,Improving,1309.5,-0.18,,,no_price
2026-07-08,KOTAKBANK,Institutional Flow,Improving,370.1000061035156,0.2,,,no_price
2026-07-08,HAL,Institutional Flow,Improving,4364.7001953125,-0.09,,,no_price
2026-07-08,BDL,Institutional Flow,Improving,1337.4000244140625,0.54,,,no_price
2026-07-08,SBICARD,Institutional Flow,Improving,585.0999755859375,0.24,,,no_price
2026-07-08,BEL,Institutional Flow,Improving,407.6000061035156,-0.23,,,no_price
2026-07-08,MAZDOCK,Institutional Flow,Improving,2450.699951171875,-1.84,,,no_price
2026-07-08,COCHINSHIP,Institutional Flow,Improving,1404.0999755859375,1.27,,,no_price
2026-07-10,NUCLEUS,Corporate Actions,Dividend,,,,,no_price
2026-07-10,DRREDDY,Corporate Actions,Dividend,,,,,no_price
2026-07-09,KSOLVES,Corporate Actions,Mergers & Acquisitions,,,,,no_price
2026-07-09,VIVIANA,Corporate Actions,Large Order Win,,,,,no_price
2026-07-08,BAJAJFINSV,Confluence,Tier 2,1854.9000244140625,0.57,,,no_price
2026-07-08,BAJFINANCE,Confluence,Tier 2,1010.4000244140625,-1.28,,,no_price
2026-07-08,CHOLAFIN,Confluence,Tier 2,1769.4000244140625,-0.28,,,no_price
2026-07-08,CIPLA,Confluence,Tier 2,1431.800048828125,1.03,,,no_price
2026-07-08,DIVISLAB,Confluence,Tier 2,6898.0,,,,no_price
2026-07-08,DLF,Confluence,Tier 2,643.0999755859375,,,,no_price
2026-07-08,GODREJPROP,Confluence,Tier 2,1979.5,1.69,,,no_price
2026-07-08,HDFCBANK,Confluence,Tier 2,810.2999877929688,0.64,,,no_price
2026-07-08,ICICIBANK,Confluence,Tier 2,1380.5999755859375,1.07,,,no_price
2026-07-08,LUPIN,Confluence,Tier 2,2459.0,2.2,,,no_price
2026-07-08,OBEROIRLTY,Confluence,Tier 2,1894.800048828125,,,,no_price
2026-07-08,PHOENIXLTD,Confluence,Tier 2,2063.300048828125,,,,no_price
2026-07-08,PRESTIGE,Confluence,Tier 2,1660.800048828125,,,,no_price
2026-07-08,SHRIRAMFIN,Confluence,Tier 2,1014.4000244140625,0.51,,,no_price
2026-07-08,SUNPHARMA,Confluence,Tier 2,1943.0999755859375,,,,no_price
2026-07-08,AXISBANK,Confluence,Tier 2,1309.5,-0.18,,,no_price
2026-07-08,BDL,Confluence,Tier 2,1337.4000244140625,0.54,,,no_price
2026-07-08,DRREDDY,Confluence,Tier 2,1298.5,,,,no_price
2026-07-08,HAL,Confluence,Tier 2,4364.7001953125,-0.09,,,no_price
2026-07-08,KOTAKBANK,Confluence,Tier 2,370.1000061035156,0.2,,,no_price
2026-07-08,SBIN,Confluence,Tier 2,1016.9000244140625,0.98,,,no_price
2026-07-08,BEL,Confluence,Tier 2,407.6000061035156,-0.23,,,no_price
2026-07-08,COCHINSHIP,Confluence,Tier 2,1404.0999755859375,1.27,,,no_price
2026-07-08,MAZDOCK,Confluence,Tier 2,2450.699951171875,-1.84,,,no_price
2026-07-08,SBICARD,Confluence,Tier 2,585.0999755859375,0.24,,,no_price
2026-07-08,ATALREAL,Confluence,Tier 3,28.6299991607666,,,,no_price
2026-07-08,CGCL,Confluence,Tier 3,249.02000427246094,,,,no_price
2026-07-08,COMSYN,Confluence,Tier 3,196.9499969482422,,,,no_price
2026-07-08,GCSL,Confluence,Tier 3,482.3999938964844,,,,no_price
2026-07-08,GEMAROMA,Confluence,Tier 3,212.1699981689453,,,,no_price
2026-07-08,IOLCP,Confluence,Tier 3,167.11000061035156,1.79,,,no_price
2026-07-08,ITDC,Confluence,Tier 3,754.6500244140625,,,,no_price
2026-07-08,JINDRILL,Confluence,Tier 3,649.1500244140625,,,,no_price
2026-07-08,MASTERTR,Confluence,Tier 3,92.97000122070312,,,,no_price
2026-07-08,RAMCOSYS,Confluence,Tier 3,865.0499877929688,,,,no_price
2026-07-08,RATNAVEER,Confluence,Tier 3,180.69000244140625,0.9,,,no_price
2026-07-08,SAKSOFT,Confluence,Tier 3,167.30999755859375,2.31,,,no_price
2026-07-08,SHAREINDIA,Confluence,Tier 3,177.72000122070312,1.9,,,no_price
2026-07-08,SIGNPOST,Confluence,Tier 3,310.1499938964844,2.35,,,no_price
2026-07-08,BMLL,Confluence,Tier 3,,,,,no_price
2026-07-08,IWARE,Confluence,Tier 3,,,,,no_price
2026-07-08,KALYANKJIL,Confluence,Tier 3,374.1499938964844,12.39,,,no_price
2026-07-08,KNACK,Confluence,Tier 3,182.97999572753906,7.01,,,no_price
2026-07-08,RITES,Confluence,Tier 3,223.1300048828125,0.46,,,no_price
2026-07-08,AGIIL,Confluence,Tier 3,340.29998779296875,,,,no_price
2026-07-08,BAYERCROP,Confluence,Tier 3,4133.39990234375,,,,no_price
2026-07-08,MAGSON,Confluence,Tier 3,,,,,no_price
2026-07-08,MODIS,Confluence,Tier 3,342.3999938964844,,,,no_price
2026-07-09,SHAREINDIA,Deal Flow,BIG_BULK_BUY,,,,,no_price
2026-07-09,AGIIL,Deal Flow,BIG_BULK_BUY,,,,,no_price
2026-07-09,MASTERTR,Deal Flow,BIG_BULK_BUY,,,,,no_price
2026-07-09,JINDRILL,Deal Flow,BIG_BULK_BUY,,,,,no_price
2026-07-09,KNACK,Deal Flow,BIG_BULK_BUY,,,,,no_price
2026-07-09,SUNTECK,Deal Flow,BIG_BULK_BUY,,,,,no_price
2026-07-09,MOTISONS,Deal Flow,BIG_BULK_BUY,,,,,no_price
2026-07-09,IKIO,Deal Flow,BIG_BULK_BUY,,,,,no_price
2026-07-09,GCSL,Deal Flow,REPEAT_BUYING,,,,,no_price
2026-07-09,KALYANKJIL,Deal Flow,BIG_BULK_BUY,,,,,no_price
2026-07-09,KAYNES,Deal Flow,BIG_BULK_BUY,,,,,no_price
2026-07-09,ITDC,Deal Flow,BIG_BULK_BUY,,,,,no_price
2026-07-09,PCJEWELLER,Deal Flow,BIG_BULK_BUY,,,,,no_price
2026-07-09,INA,Deal Flow,BIG_BULK_BUY,,,,,no_price
2026-07-09,TBZ,Deal Flow,BIG_BULK_BUY,,,,,no_price
2026-07-09,UNICHEMLAB,Deal Flow,BIG_BULK_BUY,,,,,no_price
2026-07-09,CNL,Deal Flow,BIG_BULK_BUY,,,,,no_price
2026-07-09,KODYTECH,Deal Flow,BIG_BULK_BUY,,,,,no_price
2026-07-09,SHANTIGOLD,Deal Flow,BIG_BULK_BUY,,,,,no_price
2026-07-09,ATALREAL,Deal Flow,REPEAT_BUYING,,,,,no_price
2026-07-09,MAGSON,Deal Flow,REPEAT_BUYING,,,,,no_price
2026-07-09,RAMCOSYS,Deal Flow,REPEAT_BUYING,,,,,no_price
2026-07-09,BMLL,Deal Flow,REPEAT_BUYING,,,,,no_price
2026-07-09,COMSYN,Deal Flow,REPEAT_BUYING,,,,,no_price
2026-07-09,RITES,Deal Flow,REPEAT_BUYING,,,,,no_price
2026-07-09,SAKSOFT,Deal Flow,REPEAT_BUYING,,,,,no_price
2026-07-09,SIGNPOST,Deal Flow,REPEAT_BUYING,,,,,no_price
2026-07-09,DLF,Institutional Flow,Strong,,,,,no_price
2026-07-09,GODREJPROP,Institutional Flow,Strong,,,,,no_price
2026-07-09,OBEROIRLTY,Institutional Flow,Strong,,,,,no_price
2026-07-09,PRESTIGE,Institutional Flow,Strong,,,,,no_price
2026-07-09,PHOENIXLTD,Institutional Flow,Strong,,,,,no_price
2026-07-09,HDFCBANK,Institutional Flow,Improving,,,,,no_price
2026-07-09,ICICIBANK,Institutional Flow,Improving,,,,,no_price
2026-07-09,BAJFINANCE,Institutional Flow,Improving,,,,,no_price
2026-07-09,BAJAJFINSV,Institutional Flow,Improving,,,,,no_price
2026-07-09,CHOLAFIN,Institutional Flow,Improving,,,,,no_price
2026-07-09,SHRIRAMFIN,Institutional Flow,Improving,,,,,no_price
2026-07-09,SUNPHARMA,Institutional Flow,Improving,,,,,no_price
2026-07-09,CIPLA,Institutional Flow,Improving,,,,,no_price
2026-07-09,LUPIN,Institutional Flow,Improving,,,,,no_price
2026-07-09,SBIN,Institutional Flow,Improving,,,,,no_price
2026-07-09,AXISBANK,Institutional Flow,Improving,,,,,no_price
2026-07-09,KOTAKBANK,Institutional Flow,Improving,,,,,no_price
2026-07-09,HCLTECH,Institutional Flow,Improving,,,,,no_price
2026-07-09,TECHM,Institutional Flow,Improving,,,,,no_price
2026-07-09,DIVISLAB,Institutional Flow,Improving,,,,,no_price
2026-07-09,SBICARD,Institutional Flow,Improving,,,,,no_price
2026-07-09,TCS,Institutional Flow,Improving,,,,,no_price
2026-07-09,INFY,Institutional Flow,Improving,,,,,no_price
2026-07-09,WIPRO,Institutional Flow,Improving,,,,,no_price
2026-07-09,DRREDDY,Institutional Flow,Improving,,,,,no_price
2026-07-10,BSE,Corporate Actions,Dividend,,,,,no_price
2026-07-10,CONTROLPR,Corporate Actions,Dividend,,,,,no_price
2026-07-10,ORIENTELEC,Corporate Actions,Dividend,,,,,no_price
2026-07-10,GEOJITFSL,Corporate Actions,Dividend,,,,,no_price
2026-07-10,MAHLOG,Corporate Actions,Dividend,,,,,no_price
2026-07-10,ACEINTEG,Corporate Actions,Management Change,,,,,no_price
2026-07-14,BIOCON,Deal Flow,BIG_BLOCK_BUY,,,,,no_price
2026-07-14,JUSTDIAL,Deal Flow,BIG_BULK_BUY,,,,,no_price
2026-07-14,AGIIL,Deal Flow,BIG_BULK_BUY,,,,,no_price
2026-07-14,YATHARTH,Deal Flow,BIG_BULK_BUY,,,,,no_price
2026-07-14,WANBURY,Deal Flow,BIG_BULK_BUY,,,,,no_price
2026-07-14,RAMCOSYS,Deal Flow,BIG_BULK_BUY,,,,,no_price
2026-07-14,KALYANKJIL,Deal Flow,BIG_BULK_BUY,,,,,no_price
2026-07-14,FINOPB,Deal Flow,BIG_BULK_BUY,,,,,no_price
2026-07-14,ORIENTTECH,Deal Flow,BIG_BULK_BUY,,,,,no_price
2026-07-14,LANDMARK,Deal Flow,BIG_BULK_BUY,,,,,no_price
2026-07-14,TBZ,Deal Flow,BIG_BULK_BUY,,,,,no_price
2026-07-14,DYCL,Deal Flow,BIG_BULK_BUY,,,,,no_price
2026-07-14,ZENSARTECH,Deal Flow,BIG_BULK_BUY,,,,,no_price
2026-07-14,HARIOMPIPE,Deal Flow,BIG_BULK_BUY,,,,,no_price
2026-07-14,IKIO,Deal Flow,BIG_BULK_BUY,,,,,no_price
2026-07-14,BMLL,Deal Flow,REPEAT_BUYING,,,,,no_price
2026-07-14,SAKSOFT,Deal Flow,REPEAT_BUYING,,,,,no_price
2026-07-14,SHAREINDIA,Deal Flow,REPEAT_BUYING,,,,,no_price
2026-07-14,JINDRILL,Deal Flow,REPEAT_BUYING,,,,,no_price
2026-07-14,KNACK,Deal Flow,REPEAT_BUYING,,,,,no_price
2026-07-14,MASTERTR,Deal Flow,REPEAT_BUYING,,,,,no_price
2026-07-14,SUNPHARMA,Institutional Flow,Strong,,,,,no_price
2026-07-14,CIPLA,Institutional Flow,Strong,,,,,no_price
2026-07-14,DIVISLAB,Institutional Flow,Strong,,,,,no_price
2026-07-14,LUPIN,Institutional Flow,Strong,,,,,no_price
2026-07-14,DLF,Institutional Flow,Strong,,,,,no_price
2026-07-14,GODREJPROP,Institutional Flow,Strong,,,,,no_price
2026-07-14,OBEROIRLTY,Institutional Flow,Strong,,,,,no_price
2026-07-14,PRESTIGE,Institutional Flow,Strong,,,,,no_price
2026-07-14,PHOENIXLTD,Institutional Flow,Strong,,,,,no_price
2026-07-14,DRREDDY,Institutional Flow,Strong,,,,,no_price
2026-07-14,BAJFINANCE,Institutional Flow,Improving,,,,,no_price
2026-07-14,CHOLAFIN,Institutional Flow,Improving,,,,,no_price
2026-07-14,SHRIRAMFIN,Institutional Flow,Improving,,,,,no_price
2026-07-14,BHEL,Institutional Flow,Improving,,,,,no_price
2026-07-14,BAJAJFINSV,Institutional Flow,Improving,,,,,no_price
2026-07-14,SBICARD,Institutional Flow,Improving,,,,,no_price
2026-07-14,HCLTECH,Institutional Flow,Improving,,,,,no_price
2026-07-14,TECHM,Institutional Flow,Improving,,,,,no_price
2026-07-14,MARUTI,Institutional Flow,Improving,,,,,no_price
2026-07-14,M&M,Institutional Flow,Improving,,,,,no_price
2026-07-14,BAJAJ-AUTO,Institutional Flow,Improving,,,,,no_price
2026-07-14,EICHERMOT,Institutional Flow,Improving,,,,,no_price
2026-07-14,LT,Institutional Flow,Improving,,,,,no_price
2026-07-14,CUMMINSIND,Institutional Flow,Improving,,,,,no_price
2026-07-14,TCS,Institutional Flow,Improving,,,,,no_price
2026-07-14,INFY,Institutional Flow,Improving,,,,,no_price
2026-07-14,WIPRO,Institutional Flow,Improving,,,,,no_price
2026-07-14,SIEMENS,Institutional Flow,Improving,,,,,no_price
2026-07-14,ABB,Institutional Flow,Improving,,,,,no_price
2026-07-16,ASPINWALL,Corporate Actions,Dividend,,,,,no_price
2026-07-16,COROMANDEL,Corporate Actions,Dividend,,,,,no_price
2026-07-15,BBL,Corporate Actions,Dividend,,,,,no_price
2026-07-15,HERITGFOOD,Corporate Actions,Dividend,,,,,no_price
2026-07-15,ORBTEXP,Corporate Actions,Buyback,,,,,no_price
2026-07-15,KFINTECH,Corporate Actions,Dividend,,,,,no_price
2026-07-15,TCS,Corporate Actions,Dividend,,,,,no_price
2026-07-14,BIMETAL,Corporate Actions,Dividend,,,,,no_price
2026-07-14,HESTERBIO,Corporate Actions,Dividend,,,,,no_price
2026-07-14,PIXTRANS,Corporate Actions,Dividend,,,,,no_price
2026-07-14,MSUMI,Corporate Actions,Dividend,,,,,no_price
2026-07-14,SPLPETRO,Corporate Actions,Dividend,,,,,no_price
2026-07-14,MODISONLTD,Corporate Actions,Dividend,,,,,no_price
2026-07-14,MOTHERSON,Corporate Actions,Dividend,,,,,no_price
2026-07-14,KHAICHEM,Corporate Actions,Dividend,,,,,no_price
2026-07-14,UTIAMC,Corporate Actions,Dividend,,,,,no_price
2026-07-14,ULTRAMAR,Corporate Actions,Dividend,,,,,no_price
2026-07-14,ABREL,Corporate Actions,Dividend,,,,,no_price
2026-07-14,AEROFLEX,Corporate Actions,Dividend,,,,,no_price
2026-07-14,IMPAL,Corporate Actions,Dividend,,,,,no_price
2026-07-14,EPACKPEB,Corporate Actions,Management Change,,,,,no_price
2026-07-14,JAYKAY,Corporate Actions,Rights Issue,,,,,no_price
2026-07-08,TCS,Results,Neutral,,,,,no_price
2026-03-31,PRESTIGE,Results,Strong,,,,,no_price
2026-03-31,BAJAJFINSV,Results,Neutral,,,,,no_price
2026-03-31,BAJFINANCE,Results,Strong,,,,,no_price
2026-03-31,KOTAKBANK,Results,Neutral,,,,,no_price
2026-03-31,AXISBANK,Results,Neutral,,,,,no_price
2026-03-31,SBIN,Results,Weak,,,,,no_price
2026-03-31,ICICIBANK,Results,Neutral,,,,,no_price
2025-12-31,NESTLEIND,Results,Neutral,,,,,no_price
2025-06-30,HDFCBANK,Results,Weak,,,,,no_price
2026-07-14,BAJFINANCE,Confluence,Tier 2,,,,,no_price
2026-07-14,BHEL,Confluence,Tier 2,,,,,no_price
2026-07-14,CHOLAFIN,Confluence,Tier 2,,,,,no_price
2026-07-14,CIPLA,Confluence,Tier 2,,,,,no_price
2026-07-14,DIVISLAB,Confluence,Tier 2,,,,,no_price
2026-07-14,DLF,Confluence,Tier 2,,,,,no_price
2026-07-14,GODREJPROP,Confluence,Tier 2,,,,,no_price
2026-07-14,LUPIN,Confluence,Tier 2,,,,,no_price
2026-07-14,OBEROIRLTY,Confluence,Tier 2,,,,,no_price
2026-07-14,PHOENIXLTD,Confluence,Tier 2,,,,,no_price
2026-07-14,PRESTIGE,Confluence,Tier 2,,,,,no_price
2026-07-14,SHRIRAMFIN,Confluence,Tier 2,,,,,no_price
2026-07-14,SUNPHARMA,Confluence,Tier 2,,,,,no_price
2026-07-14,BAJAJ-AUTO,Confluence,Tier 2,,,,,no_price
2026-07-14,BAJAJFINSV,Confluence,Tier 2,,,,,no_price
2026-07-14,CUMMINSIND,Confluence,Tier 2,,,,,no_price
2026-07-14,DRREDDY,Confluence,Tier 2,,,,,no_price
2026-07-14,EICHERMOT,Confluence,Tier 2,,,,,no_price
2026-07-14,HCLTECH,Confluence,Tier 2,,,,,no_price
2026-07-14,LT,Confluence,Tier 2,,,,,no_price
2026-07-14,M&M,Confluence,Tier 2,,,,,no_price
2026-07-14,MARUTI,Confluence,Tier 2,,,,,no_price
2026-07-14,SBICARD,Confluence,Tier 2,,,,,no_price
2026-07-14,TECHM,Confluence,Tier 2,,,,,no_price
2026-07-14,ABB,Confluence,Tier 2,,,,,no_price
2026-07-14,INFY,Confluence,Tier 2,,,,,no_price
2026-07-14,SIEMENS,Confluence,Tier 2,,,,,no_price
2026-07-14,TCS,Confluence,Tier 2,,,,,no_price
2026-07-14,WIPRO,Confluence,Tier 2,,,,,no_price
2026-07-14,BIOCON,Confluence,Tier 3,,,,,no_price
2026-07-14,FINOPB,Confluence,Tier 3,,,,,no_price
2026-07-14,HARIOMPIPE,Confluence,Tier 3,,,,,no_price
2026-07-14,IKIO,Confluence,Tier 3,,,,,no_price
2026-07-14,JINDRILL,Confluence,Tier 3,,,,,no_price
2026-07-14,JUSTDIAL,Confluence,Tier 3,,,,,no_price
2026-07-14,KALYANKJIL,Confluence,Tier 3,,,,,no_price
2026-07-14,LANDMARK,Confluence,Tier 3,,,,,no_price
2026-07-14,MASTERTR,Confluence,Tier 3,,,,,no_price
2026-07-14,RAMCOSYS,Confluence,Tier 3,,,,,no_price
2026-07-14,SAKSOFT,Confluence,Tier 3,,,,,no_price
2026-07-14,SHAREINDIA,Confluence,Tier 3,,,,,no_price
2026-07-14,TBZ,Confluence,Tier 3,,,,,no_price
2026-07-14,WANBURY,Confluence,Tier 3,,,,,no_price
2026-07-14,BMLL,Confluence,Tier 3,,,,,no_price
2026-07-14,DYCL,Confluence,Tier 3,,,,,no_price
2026-07-14,KNACK,Confluence,Tier 3,,,,,no_price
2026-07-14,ORIENTTECH,Confluence,Tier 3,,,,,no_price
2026-07-14,YATHARTH,Confluence,Tier 3,,,,,no_price
2026-07-14,ZENSARTECH,Confluence,Tier 3,,,,,no_price
2026-07-14,AGIIL,Confluence,Tier 3,,,,,no_price
